ISO-10303-21;
HEADER;
/* Generated by software containing ST-Developer
 * from STEP Tools, Inc. (www.steptools.com) 
 */

FILE_DESCRIPTION(
/* description */ (''),
/* implementation_level */ '2;1');

FILE_NAME(
/* name */ 'dispenser-10T-gear.step',
/* time_stamp */ '2026-07-26T23:28:08-07:00',
/* author */ (''),
/* organization */ (''),
/* preprocessor_version */ 'ST-DEVELOPER v20.1',
/* originating_system */ 'Autodesk Translation Framework v15.8.0.0',
/* authorisation */ '');

FILE_SCHEMA (('AUTOMOTIVE_DESIGN { 1 0 10303 214 3 1 1 }'));
ENDSEC;

DATA;
#10=MECHANICAL_DESIGN_GEOMETRIC_PRESENTATION_REPRESENTATION('',(#17),#2844);
#11=ITEM_DEFINED_TRANSFORMATION($,$,#1244,#1330);
#12=(
REPRESENTATION_RELATIONSHIP($,$,#2855,#2854)
REPRESENTATION_RELATIONSHIP_WITH_TRANSFORMATION(#11)
SHAPE_REPRESENTATION_RELATIONSHIP()
);
#13=CONTEXT_DEPENDENT_SHAPE_REPRESENTATION(#12,#2853);
#14=NEXT_ASSEMBLY_USAGE_OCCURRENCE('Component1:1','Component1:1',
'Component1:1',#2857,#2858,'Component1:1');
#15=SHAPE_REPRESENTATION_RELATIONSHIP('SRR','None',#2855,#16);
#16=ADVANCED_BREP_SHAPE_REPRESENTATION('',(#18),#2843);
#17=STYLED_ITEM('',(#2868),#18);
#18=MANIFOLD_SOLID_BREP('Body1',#1230);
#19=FACE_BOUND('',#269,.T.);
#20=FACE_BOUND('',#271,.T.);
#21=CIRCLE('',#1247,12.4);
#22=CIRCLE('',#1248,12.4);
#23=CIRCLE('',#1251,7.675);
#24=CIRCLE('',#1252,7.675);
#25=CIRCLE('',#1255,12.4);
#26=CIRCLE('',#1256,12.4);
#27=CIRCLE('',#1259,7.675);
#28=CIRCLE('',#1260,7.675);
#29=CIRCLE('',#1263,12.3999999999999);
#30=CIRCLE('',#1264,12.3999999999999);
#31=CIRCLE('',#1267,7.675);
#32=CIRCLE('',#1268,7.675);
#33=CIRCLE('',#1271,12.3999999999999);
#34=CIRCLE('',#1272,12.3999999999999);
#35=CIRCLE('',#1275,7.675);
#36=CIRCLE('',#1276,7.675);
#37=CIRCLE('',#1279,12.3999999999999);
#38=CIRCLE('',#1280,12.3999999999999);
#39=CIRCLE('',#1283,7.675);
#40=CIRCLE('',#1284,7.675);
#41=CIRCLE('',#1287,12.4);
#42=CIRCLE('',#1288,12.4);
#43=CIRCLE('',#1291,7.675);
#44=CIRCLE('',#1292,7.675);
#45=CIRCLE('',#1295,12.3999999999998);
#46=CIRCLE('',#1296,12.3999999999998);
#47=CIRCLE('',#1299,7.675);
#48=CIRCLE('',#1300,7.675);
#49=CIRCLE('',#1303,12.4000000000001);
#50=CIRCLE('',#1304,12.4000000000001);
#51=CIRCLE('',#1307,7.675);
#52=CIRCLE('',#1308,7.675);
#53=CIRCLE('',#1311,12.3999999999999);
#54=CIRCLE('',#1312,12.3999999999999);
#55=CIRCLE('',#1315,7.675);
#56=CIRCLE('',#1316,7.675);
#57=CIRCLE('',#1319,12.3999999999999);
#58=CIRCLE('',#1320,12.3999999999999);
#59=CIRCLE('',#1323,7.675);
#60=CIRCLE('',#1324,7.675);
#61=CIRCLE('',#1326,2.9);
#62=CIRCLE('',#1327,2.9);
#63=CYLINDRICAL_SURFACE('',#1246,12.4);
#64=CYLINDRICAL_SURFACE('',#1250,7.675);
#65=CYLINDRICAL_SURFACE('',#1254,12.4);
#66=CYLINDRICAL_SURFACE('',#1258,7.675);
#67=CYLINDRICAL_SURFACE('',#1262,12.3999999999999);
#68=CYLINDRICAL_SURFACE('',#1266,7.675);
#69=CYLINDRICAL_SURFACE('',#1270,12.3999999999999);
#70=CYLINDRICAL_SURFACE('',#1274,7.675);
#71=CYLINDRICAL_SURFACE('',#1278,12.3999999999999);
#72=CYLINDRICAL_SURFACE('',#1282,7.675);
#73=CYLINDRICAL_SURFACE('',#1286,12.4);
#74=CYLINDRICAL_SURFACE('',#1290,7.675);
#75=CYLINDRICAL_SURFACE('',#1294,12.3999999999998);
#76=CYLINDRICAL_SURFACE('',#1298,7.675);
#77=CYLINDRICAL_SURFACE('',#1302,12.4000000000001);
#78=CYLINDRICAL_SURFACE('',#1306,7.675);
#79=CYLINDRICAL_SURFACE('',#1310,12.3999999999999);
#80=CYLINDRICAL_SURFACE('',#1314,7.675);
#81=CYLINDRICAL_SURFACE('',#1318,12.3999999999999);
#82=CYLINDRICAL_SURFACE('',#1322,7.675);
#83=CYLINDRICAL_SURFACE('',#1325,2.9);
#84=B_SPLINE_CURVE_WITH_KNOTS('',3,(#1646,#1647,#1648,#1649,#1650,#1651,
#1652,#1653,#1654,#1655,#1656,#1657,#1658),.UNSPECIFIED.,.F.,.F.,(4,3,3,
3,4),(-0.975386521634635,-0.5,-0.25,-0.100346841140935,-0.0153567264842653),
 .UNSPECIFIED.);
#85=B_SPLINE_CURVE_WITH_KNOTS('',3,(#1661,#1662,#1663,#1664,#1665,#1666,
#1667,#1668,#1669,#1670,#1671,#1672,#1673),.UNSPECIFIED.,.F.,.F.,(4,3,3,
3,4),(0.0153567264842653,0.100346841140935,0.25,0.5,0.975386521634635),
 .UNSPECIFIED.);
#86=B_SPLINE_CURVE_WITH_KNOTS('',3,(#1701,#1702,#1703,#1704,#1705,#1706,
#1707,#1708,#1709,#1710),.UNSPECIFIED.,.F.,.F.,(4,3,3,4),(0.015356726484655,
0.0982340470450233,0.66965416936211,0.975386521634657),.UNSPECIFIED.);
#87=B_SPLINE_CURVE_WITH_KNOTS('',3,(#1713,#1714,#1715,#1716,#1717,#1718,
#1719,#1720,#1721,#1722),.UNSPECIFIED.,.F.,.F.,(4,3,3,4),(-0.975386521634657,
-0.66965416936211,-0.0982340470450233,-0.015356726484655),.UNSPECIFIED.);
#88=B_SPLINE_CURVE_WITH_KNOTS('',3,(#1768,#1769,#1770,#1771,#1772,#1773,
#1774,#1775,#1776,#1777,#1778,#1779,#1780),.UNSPECIFIED.,.F.,.F.,(4,3,3,
3,4),(-0.975386521634652,-0.5,-0.25,-0.100346840657964,-0.0153567264860427),
 .UNSPECIFIED.);
#89=B_SPLINE_CURVE_WITH_KNOTS('',3,(#1783,#1784,#1785,#1786,#1787,#1788,
#1789,#1790,#1791,#1792,#1793,#1794,#1795),.UNSPECIFIED.,.F.,.F.,(4,3,3,
3,4),(0.0153567264860427,0.100346840657964,0.25,0.5,0.975386521634652),
 .UNSPECIFIED.);
#90=B_SPLINE_CURVE_WITH_KNOTS('',3,(#1823,#1824,#1825,#1826,#1827,#1828,
#1829,#1830,#1831,#1832),.UNSPECIFIED.,.F.,.F.,(4,3,3,4),(0.0153567264898829,
0.0982340462629635,0.669654149816195,0.975386521634638),.UNSPECIFIED.);
#91=B_SPLINE_CURVE_WITH_KNOTS('',3,(#1835,#1836,#1837,#1838,#1839,#1840,
#1841,#1842,#1843,#1844),.UNSPECIFIED.,.F.,.F.,(4,3,3,4),(-0.975386521634638,
-0.669654149816195,-0.0982340462629635,-0.0153567264898829),
 .UNSPECIFIED.);
#92=B_SPLINE_CURVE_WITH_KNOTS('',3,(#1890,#1891,#1892,#1893,#1894,#1895,
#1896,#1897,#1898,#1899,#1900,#1901,#1902),.UNSPECIFIED.,.F.,.F.,(4,3,3,
3,4),(-0.975386521634629,-0.5,-0.25,-0.100346841335953,-0.0153567264931214),
 .UNSPECIFIED.);
#93=B_SPLINE_CURVE_WITH_KNOTS('',3,(#1905,#1906,#1907,#1908,#1909,#1910,
#1911,#1912,#1913,#1914,#1915,#1916,#1917),.UNSPECIFIED.,.F.,.F.,(4,3,3,
3,4),(0.0153567264931214,0.100346841335953,0.25,0.5,0.975386521634629),
 .UNSPECIFIED.);
#94=B_SPLINE_CURVE_WITH_KNOTS('',3,(#1945,#1946,#1947,#1948,#1949,#1950,
#1951,#1952,#1953,#1954),.UNSPECIFIED.,.F.,.F.,(4,3,3,4),(0.0153567264862536,
0.0982340467044463,0.669654217193664,0.975386521634623),.UNSPECIFIED.);
#95=B_SPLINE_CURVE_WITH_KNOTS('',3,(#1957,#1958,#1959,#1960,#1961,#1962,
#1963,#1964,#1965,#1966),.UNSPECIFIED.,.F.,.F.,(4,3,3,4),(-0.975386521634623,
-0.669654217193664,-0.0982340467044463,-0.0153567264862536),
 .UNSPECIFIED.);
#96=B_SPLINE_CURVE_WITH_KNOTS('',3,(#2012,#2013,#2014,#2015,#2016,#2017,
#2018,#2019,#2020,#2021,#2022,#2023,#2024),.UNSPECIFIED.,.F.,.F.,(4,3,3,
3,4),(-0.975386521634648,-0.5,-0.25,-0.100346841934827,-0.0153567264900663),
 .UNSPECIFIED.);
#97=B_SPLINE_CURVE_WITH_KNOTS('',3,(#2027,#2028,#2029,#2030,#2031,#2032,
#2033,#2034,#2035,#2036,#2037,#2038,#2039),.UNSPECIFIED.,.F.,.F.,(4,3,3,
3,4),(0.0153567264900663,0.100346841934827,0.25,0.5,0.975386521634648),
 .UNSPECIFIED.);
#98=B_SPLINE_CURVE_WITH_KNOTS('',3,(#2067,#2068,#2069,#2070,#2071,#2072,
#2073,#2074,#2075,#2076),.UNSPECIFIED.,.F.,.F.,(4,3,3,4),(0.0153567264892095,
0.0982340470614132,0.66965418103457,0.975386521634617),.UNSPECIFIED.);
#99=B_SPLINE_CURVE_WITH_KNOTS('',3,(#2079,#2080,#2081,#2082,#2083,#2084,
#2085,#2086,#2087,#2088),.UNSPECIFIED.,.F.,.F.,(4,3,3,4),(-0.975386521634617,
-0.66965418103457,-0.0982340470614132,-0.0153567264892095),
 .UNSPECIFIED.);
#100=B_SPLINE_CURVE_WITH_KNOTS('',3,(#2134,#2135,#2136,#2137,#2138,#2139,
#2140,#2141,#2142,#2143,#2144,#2145,#2146),.UNSPECIFIED.,.F.,.F.,(4,3,3,
3,4),(-0.975386521634647,-0.5,-0.25,-0.100346841030431,-0.0153567264857247),
 .UNSPECIFIED.);
#101=B_SPLINE_CURVE_WITH_KNOTS('',3,(#2149,#2150,#2151,#2152,#2153,#2154,
#2155,#2156,#2157,#2158,#2159,#2160,#2161),.UNSPECIFIED.,.F.,.F.,(4,3,3,
3,4),(0.0153567264857247,0.100346841030431,0.25,0.5,0.975386521634647),
 .UNSPECIFIED.);
#102=B_SPLINE_CURVE_WITH_KNOTS('',3,(#2189,#2190,#2191,#2192,#2193,#2194,
#2195,#2196,#2197,#2198),.UNSPECIFIED.,.F.,.F.,(4,3,3,4),(0.0153567264820782,
0.0982340470813512,0.669654241940976,0.975386521634629),.UNSPECIFIED.);
#103=B_SPLINE_CURVE_WITH_KNOTS('',3,(#2201,#2202,#2203,#2204,#2205,#2206,
#2207,#2208,#2209,#2210),.UNSPECIFIED.,.F.,.F.,(4,3,3,4),(-0.975386521634629,
-0.669654241940976,-0.0982340470813512,-0.0153567264820782),
 .UNSPECIFIED.);
#104=B_SPLINE_CURVE_WITH_KNOTS('',3,(#2256,#2257,#2258,#2259,#2260,#2261,
#2262,#2263,#2264,#2265,#2266,#2267,#2268),.UNSPECIFIED.,.F.,.F.,(4,3,3,
3,4),(-0.975386521634627,-0.5,-0.25,-0.100346841318521,-0.0153567264820573),
 .UNSPECIFIED.);
#105=B_SPLINE_CURVE_WITH_KNOTS('',3,(#2271,#2272,#2273,#2274,#2275,#2276,
#2277,#2278,#2279,#2280,#2281,#2282,#2283),.UNSPECIFIED.,.F.,.F.,(4,3,3,
3,4),(0.0153567264820573,0.100346841318521,0.25,0.5,0.975386521634627),
 .UNSPECIFIED.);
#106=B_SPLINE_CURVE_WITH_KNOTS('',3,(#2311,#2312,#2313,#2314,#2315,#2316,
#2317,#2318,#2319,#2320),.UNSPECIFIED.,.F.,.F.,(4,3,3,4),(0.0153567264750156,
0.0982340466634535,0.669654205593761,0.975386521634649),.UNSPECIFIED.);
#107=B_SPLINE_CURVE_WITH_KNOTS('',3,(#2323,#2324,#2325,#2326,#2327,#2328,
#2329,#2330,#2331,#2332),.UNSPECIFIED.,.F.,.F.,(4,3,3,4),(-0.975386521634649,
-0.669654205593761,-0.0982340466634535,-0.0153567264750156),
 .UNSPECIFIED.);
#108=B_SPLINE_CURVE_WITH_KNOTS('',3,(#2378,#2379,#2380,#2381,#2382,#2383,
#2384,#2385,#2386,#2387,#2388,#2389,#2390),.UNSPECIFIED.,.F.,.F.,(4,3,3,
3,4),(-0.975386521634642,-0.5,-0.25,-0.100346840678594,-0.0153567264899999),
 .UNSPECIFIED.);
#109=B_SPLINE_CURVE_WITH_KNOTS('',3,(#2393,#2394,#2395,#2396,#2397,#2398,
#2399,#2400,#2401,#2402,#2403,#2404,#2405),.UNSPECIFIED.,.F.,.F.,(4,3,3,
3,4),(0.0153567264899999,0.100346840678594,0.25,0.5,0.975386521634642),
 .UNSPECIFIED.);
#110=B_SPLINE_CURVE_WITH_KNOTS('',3,(#2433,#2434,#2435,#2436,#2437,#2438,
#2439,#2440,#2441,#2442),.UNSPECIFIED.,.F.,.F.,(4,3,3,4),(0.0153567264876456,
0.0982340462673949,0.669654219868534,0.975386521634599),.UNSPECIFIED.);
#111=B_SPLINE_CURVE_WITH_KNOTS('',3,(#2445,#2446,#2447,#2448,#2449,#2450,
#2451,#2452,#2453,#2454),.UNSPECIFIED.,.F.,.F.,(4,3,3,4),(-0.975386521634599,
-0.669654219868534,-0.0982340462673949,-0.0153567264876456),
 .UNSPECIFIED.);
#112=B_SPLINE_CURVE_WITH_KNOTS('',3,(#2500,#2501,#2502,#2503,#2504,#2505,
#2506,#2507,#2508,#2509,#2510,#2511,#2512),.UNSPECIFIED.,.F.,.F.,(4,3,3,
3,4),(-0.975386521634643,-0.5,-0.25,-0.100346841348143,-0.0153567264867445),
 .UNSPECIFIED.);
#113=B_SPLINE_CURVE_WITH_KNOTS('',3,(#2515,#2516,#2517,#2518,#2519,#2520,
#2521,#2522,#2523,#2524,#2525,#2526,#2527),.UNSPECIFIED.,.F.,.F.,(4,3,3,
3,4),(0.0153567264867445,0.100346841348143,0.25,0.5,0.975386521634643),
 .UNSPECIFIED.);
#114=B_SPLINE_CURVE_WITH_KNOTS('',3,(#2555,#2556,#2557,#2558,#2559,#2560,
#2561,#2562,#2563,#2564),.UNSPECIFIED.,.F.,.F.,(4,3,3,4),(0.0153567264801601,
0.0982340466942721,0.669654211420102,0.975386521634661),.UNSPECIFIED.);
#115=B_SPLINE_CURVE_WITH_KNOTS('',3,(#2567,#2568,#2569,#2570,#2571,#2572,
#2573,#2574,#2575,#2576),.UNSPECIFIED.,.F.,.F.,(4,3,3,4),(-0.975386521634661,
-0.669654211420102,-0.0982340466942721,-0.0153567264801601),
 .UNSPECIFIED.);
#116=B_SPLINE_CURVE_WITH_KNOTS('',3,(#2622,#2623,#2624,#2625,#2626,#2627,
#2628,#2629,#2630,#2631,#2632,#2633,#2634),.UNSPECIFIED.,.F.,.F.,(4,3,3,
3,4),(-0.975386521634631,-0.5,-0.25,-0.100346842277838,-0.0153567264838672),
 .UNSPECIFIED.);
#117=B_SPLINE_CURVE_WITH_KNOTS('',3,(#2637,#2638,#2639,#2640,#2641,#2642,
#2643,#2644,#2645,#2646,#2647,#2648,#2649),.UNSPECIFIED.,.F.,.F.,(4,3,3,
3,4),(0.0153567264838672,0.100346842277838,0.25,0.5,0.975386521634631),
 .UNSPECIFIED.);
#118=B_SPLINE_CURVE_WITH_KNOTS('',3,(#2677,#2678,#2679,#2680,#2681,#2682,
#2683,#2684,#2685,#2686),.UNSPECIFIED.,.F.,.F.,(4,3,3,4),(0.0153567264917582,
0.0982340464889598,0.669654236930677,0.975386521634609),.UNSPECIFIED.);
#119=B_SPLINE_CURVE_WITH_KNOTS('',3,(#2689,#2690,#2691,#2692,#2693,#2694,
#2695,#2696,#2697,#2698),.UNSPECIFIED.,.F.,.F.,(4,3,3,4),(-0.975386521634609,
-0.669654236930677,-0.0982340464889598,-0.0153567264917582),
 .UNSPECIFIED.);
#120=B_SPLINE_CURVE_WITH_KNOTS('',3,(#2744,#2745,#2746,#2747,#2748,#2749,
#2750,#2751,#2752,#2753,#2754,#2755,#2756),.UNSPECIFIED.,.F.,.F.,(4,3,3,
3,4),(-0.975386521634647,-0.5,-0.25,-0.100346841071381,-0.0153567264786137),
 .UNSPECIFIED.);
#121=B_SPLINE_CURVE_WITH_KNOTS('',3,(#2759,#2760,#2761,#2762,#2763,#2764,
#2765,#2766,#2767,#2768,#2769,#2770,#2771),.UNSPECIFIED.,.F.,.F.,(4,3,3,
3,4),(0.0153567264786137,0.100346841071381,0.25,0.5,0.975386521634647),
 .UNSPECIFIED.);
#122=B_SPLINE_CURVE_WITH_KNOTS('',3,(#2799,#2800,#2801,#2802,#2803,#2804,
#2805,#2806,#2807,#2808),.UNSPECIFIED.,.F.,.F.,(4,3,3,4),(0.0153567264917394,
0.0982340467065062,0.669654232627644,0.975386521634631),.UNSPECIFIED.);
#123=B_SPLINE_CURVE_WITH_KNOTS('',3,(#2811,#2812,#2813,#2814,#2815,#2816,
#2817,#2818,#2819,#2820),.UNSPECIFIED.,.F.,.F.,(4,3,3,4),(-0.975386521634631,
-0.669654232627644,-0.0982340467065062,-0.0153567264917394),
 .UNSPECIFIED.);
#124=B_SPLINE_SURFACE_WITH_KNOTS('',3,1,((#1619,#1620),(#1621,#1622),(#1623,
#1624),(#1625,#1626),(#1627,#1628),(#1629,#1630),(#1631,#1632),(#1633,#1634),
(#1635,#1636),(#1637,#1638),(#1639,#1640),(#1641,#1642),(#1643,#1644)),
 .UNSPECIFIED.,.F.,.F.,.F.,(4,3,3,3,4),(2,2),(-0.975386521634635,-0.5,-0.25,
-0.100346841140935,-0.0153567264842653),(0.,0.6),.UNSPECIFIED.);
#125=B_SPLINE_SURFACE_WITH_KNOTS('',3,1,((#1680,#1681),(#1682,#1683),(#1684,
#1685),(#1686,#1687),(#1688,#1689),(#1690,#1691),(#1692,#1693),(#1694,#1695),
(#1696,#1697),(#1698,#1699)),.UNSPECIFIED.,.F.,.F.,.F.,(4,3,3,4),(2,2),
(0.015356726484655,0.0982340470450233,0.66965416936211,0.975386521634657),
(0.,0.6),.UNSPECIFIED.);
#126=B_SPLINE_SURFACE_WITH_KNOTS('',3,1,((#1741,#1742),(#1743,#1744),(#1745,
#1746),(#1747,#1748),(#1749,#1750),(#1751,#1752),(#1753,#1754),(#1755,#1756),
(#1757,#1758),(#1759,#1760),(#1761,#1762),(#1763,#1764),(#1765,#1766)),
 .UNSPECIFIED.,.F.,.F.,.F.,(4,3,3,3,4),(2,2),(-0.975386521634652,-0.5,-0.25,
-0.100346840657964,-0.0153567264860427),(0.,0.6),.UNSPECIFIED.);
#127=B_SPLINE_SURFACE_WITH_KNOTS('',3,1,((#1802,#1803),(#1804,#1805),(#1806,
#1807),(#1808,#1809),(#1810,#1811),(#1812,#1813),(#1814,#1815),(#1816,#1817),
(#1818,#1819),(#1820,#1821)),.UNSPECIFIED.,.F.,.F.,.F.,(4,3,3,4),(2,2),
(0.0153567264898829,0.0982340462629635,0.669654149816195,0.975386521634638),
(0.,0.6),.UNSPECIFIED.);
#128=B_SPLINE_SURFACE_WITH_KNOTS('',3,1,((#1863,#1864),(#1865,#1866),(#1867,
#1868),(#1869,#1870),(#1871,#1872),(#1873,#1874),(#1875,#1876),(#1877,#1878),
(#1879,#1880),(#1881,#1882),(#1883,#1884),(#1885,#1886),(#1887,#1888)),
 .UNSPECIFIED.,.F.,.F.,.F.,(4,3,3,3,4),(2,2),(-0.975386521634629,-0.5,-0.25,
-0.100346841335953,-0.0153567264931214),(0.,0.6),.UNSPECIFIED.);
#129=B_SPLINE_SURFACE_WITH_KNOTS('',3,1,((#1924,#1925),(#1926,#1927),(#1928,
#1929),(#1930,#1931),(#1932,#1933),(#1934,#1935),(#1936,#1937),(#1938,#1939),
(#1940,#1941),(#1942,#1943)),.UNSPECIFIED.,.F.,.F.,.F.,(4,3,3,4),(2,2),
(0.0153567264862536,0.0982340467044463,0.669654217193664,0.975386521634623),
(0.,0.6),.UNSPECIFIED.);
#130=B_SPLINE_SURFACE_WITH_KNOTS('',3,1,((#1985,#1986),(#1987,#1988),(#1989,
#1990),(#1991,#1992),(#1993,#1994),(#1995,#1996),(#1997,#1998),(#1999,#2000),
(#2001,#2002),(#2003,#2004),(#2005,#2006),(#2007,#2008),(#2009,#2010)),
 .UNSPECIFIED.,.F.,.F.,.F.,(4,3,3,3,4),(2,2),(-0.975386521634648,-0.5,-0.25,
-0.100346841934827,-0.0153567264900663),(0.,0.6),.UNSPECIFIED.);
#131=B_SPLINE_SURFACE_WITH_KNOTS('',3,1,((#2046,#2047),(#2048,#2049),(#2050,
#2051),(#2052,#2053),(#2054,#2055),(#2056,#2057),(#2058,#2059),(#2060,#2061),
(#2062,#2063),(#2064,#2065)),.UNSPECIFIED.,.F.,.F.,.F.,(4,3,3,4),(2,2),
(0.0153567264892095,0.0982340470614132,0.66965418103457,0.975386521634617),
(0.,0.6),.UNSPECIFIED.);
#132=B_SPLINE_SURFACE_WITH_KNOTS('',3,1,((#2107,#2108),(#2109,#2110),(#2111,
#2112),(#2113,#2114),(#2115,#2116),(#2117,#2118),(#2119,#2120),(#2121,#2122),
(#2123,#2124),(#2125,#2126),(#2127,#2128),(#2129,#2130),(#2131,#2132)),
 .UNSPECIFIED.,.F.,.F.,.F.,(4,3,3,3,4),(2,2),(-0.975386521634647,-0.5,-0.25,
-0.100346841030431,-0.0153567264857247),(0.,0.6),.UNSPECIFIED.);
#133=B_SPLINE_SURFACE_WITH_KNOTS('',3,1,((#2168,#2169),(#2170,#2171),(#2172,
#2173),(#2174,#2175),(#2176,#2177),(#2178,#2179),(#2180,#2181),(#2182,#2183),
(#2184,#2185),(#2186,#2187)),.UNSPECIFIED.,.F.,.F.,.F.,(4,3,3,4),(2,2),
(0.0153567264820782,0.0982340470813512,0.669654241940976,0.975386521634629),
(0.,0.6),.UNSPECIFIED.);
#134=B_SPLINE_SURFACE_WITH_KNOTS('',3,1,((#2229,#2230),(#2231,#2232),(#2233,
#2234),(#2235,#2236),(#2237,#2238),(#2239,#2240),(#2241,#2242),(#2243,#2244),
(#2245,#2246),(#2247,#2248),(#2249,#2250),(#2251,#2252),(#2253,#2254)),
 .UNSPECIFIED.,.F.,.F.,.F.,(4,3,3,3,4),(2,2),(-0.975386521634627,-0.5,-0.25,
-0.100346841318521,-0.0153567264820573),(0.,0.6),.UNSPECIFIED.);
#135=B_SPLINE_SURFACE_WITH_KNOTS('',3,1,((#2290,#2291),(#2292,#2293),(#2294,
#2295),(#2296,#2297),(#2298,#2299),(#2300,#2301),(#2302,#2303),(#2304,#2305),
(#2306,#2307),(#2308,#2309)),.UNSPECIFIED.,.F.,.F.,.F.,(4,3,3,4),(2,2),
(0.0153567264750156,0.0982340466634535,0.669654205593761,0.975386521634649),
(0.,0.6),.UNSPECIFIED.);
#136=B_SPLINE_SURFACE_WITH_KNOTS('',3,1,((#2351,#2352),(#2353,#2354),(#2355,
#2356),(#2357,#2358),(#2359,#2360),(#2361,#2362),(#2363,#2364),(#2365,#2366),
(#2367,#2368),(#2369,#2370),(#2371,#2372),(#2373,#2374),(#2375,#2376)),
 .UNSPECIFIED.,.F.,.F.,.F.,(4,3,3,3,4),(2,2),(-0.975386521634642,-0.5,-0.25,
-0.100346840678594,-0.0153567264899999),(0.,0.6),.UNSPECIFIED.);
#137=B_SPLINE_SURFACE_WITH_KNOTS('',3,1,((#2412,#2413),(#2414,#2415),(#2416,
#2417),(#2418,#2419),(#2420,#2421),(#2422,#2423),(#2424,#2425),(#2426,#2427),
(#2428,#2429),(#2430,#2431)),.UNSPECIFIED.,.F.,.F.,.F.,(4,3,3,4),(2,2),
(0.0153567264876456,0.0982340462673949,0.669654219868534,0.975386521634599),
(0.,0.6),.UNSPECIFIED.);
#138=B_SPLINE_SURFACE_WITH_KNOTS('',3,1,((#2473,#2474),(#2475,#2476),(#2477,
#2478),(#2479,#2480),(#2481,#2482),(#2483,#2484),(#2485,#2486),(#2487,#2488),
(#2489,#2490),(#2491,#2492),(#2493,#2494),(#2495,#2496),(#2497,#2498)),
 .UNSPECIFIED.,.F.,.F.,.F.,(4,3,3,3,4),(2,2),(-0.975386521634643,-0.5,-0.25,
-0.100346841348143,-0.0153567264867445),(0.,0.6),.UNSPECIFIED.);
#139=B_SPLINE_SURFACE_WITH_KNOTS('',3,1,((#2534,#2535),(#2536,#2537),(#2538,
#2539),(#2540,#2541),(#2542,#2543),(#2544,#2545),(#2546,#2547),(#2548,#2549),
(#2550,#2551),(#2552,#2553)),.UNSPECIFIED.,.F.,.F.,.F.,(4,3,3,4),(2,2),
(0.0153567264801601,0.0982340466942721,0.669654211420102,0.975386521634661),
(0.,0.6),.UNSPECIFIED.);
#140=B_SPLINE_SURFACE_WITH_KNOTS('',3,1,((#2595,#2596),(#2597,#2598),(#2599,
#2600),(#2601,#2602),(#2603,#2604),(#2605,#2606),(#2607,#2608),(#2609,#2610),
(#2611,#2612),(#2613,#2614),(#2615,#2616),(#2617,#2618),(#2619,#2620)),
 .UNSPECIFIED.,.F.,.F.,.F.,(4,3,3,3,4),(2,2),(-0.975386521634631,-0.5,-0.25,
-0.100346842277838,-0.0153567264838672),(0.,0.6),.UNSPECIFIED.);
#141=B_SPLINE_SURFACE_WITH_KNOTS('',3,1,((#2656,#2657),(#2658,#2659),(#2660,
#2661),(#2662,#2663),(#2664,#2665),(#2666,#2667),(#2668,#2669),(#2670,#2671),
(#2672,#2673),(#2674,#2675)),.UNSPECIFIED.,.F.,.F.,.F.,(4,3,3,4),(2,2),
(0.0153567264917582,0.0982340464889598,0.669654236930677,0.975386521634609),
(0.,0.6),.UNSPECIFIED.);
#142=B_SPLINE_SURFACE_WITH_KNOTS('',3,1,((#2717,#2718),(#2719,#2720),(#2721,
#2722),(#2723,#2724),(#2725,#2726),(#2727,#2728),(#2729,#2730),(#2731,#2732),
(#2733,#2734),(#2735,#2736),(#2737,#2738),(#2739,#2740),(#2741,#2742)),
 .UNSPECIFIED.,.F.,.F.,.F.,(4,3,3,3,4),(2,2),(-0.975386521634647,-0.5,-0.25,
-0.100346841071381,-0.0153567264786137),(0.,0.6),.UNSPECIFIED.);
#143=B_SPLINE_SURFACE_WITH_KNOTS('',3,1,((#2778,#2779),(#2780,#2781),(#2782,
#2783),(#2784,#2785),(#2786,#2787),(#2788,#2789),(#2790,#2791),(#2792,#2793),
(#2794,#2795),(#2796,#2797)),.UNSPECIFIED.,.F.,.F.,.F.,(4,3,3,4),(2,2),
(0.0153567264917394,0.0982340467065062,0.669654232627644,0.975386521634631),
(0.,0.6),.UNSPECIFIED.);
#144=FACE_OUTER_BOUND('',#207,.T.);
#145=FACE_OUTER_BOUND('',#208,.T.);
#146=FACE_OUTER_BOUND('',#209,.T.);
#147=FACE_OUTER_BOUND('',#210,.T.);
#148=FACE_OUTER_BOUND('',#211,.T.);
#149=FACE_OUTER_BOUND('',#212,.T.);
#150=FACE_OUTER_BOUND('',#213,.T.);
#151=FACE_OUTER_BOUND('',#214,.T.);
#152=FACE_OUTER_BOUND('',#215,.T.);
#153=FACE_OUTER_BOUND('',#216,.T.);
#154=FACE_OUTER_BOUND('',#217,.T.);
#155=FACE_OUTER_BOUND('',#218,.T.);
#156=FACE_OUTER_BOUND('',#219,.T.);
#157=FACE_OUTER_BOUND('',#220,.T.);
#158=FACE_OUTER_BOUND('',#221,.T.);
#159=FACE_OUTER_BOUND('',#222,.T.);
#160=FACE_OUTER_BOUND('',#223,.T.);
#161=FACE_OUTER_BOUND('',#224,.T.);
#162=FACE_OUTER_BOUND('',#225,.T.);
#163=FACE_OUTER_BOUND('',#226,.T.);
#164=FACE_OUTER_BOUND('',#227,.T.);
#165=FACE_OUTER_BOUND('',#228,.T.);
#166=FACE_OUTER_BOUND('',#229,.T.);
#167=FACE_OUTER_BOUND('',#230,.T.);
#168=FACE_OUTER_BOUND('',#231,.T.);
#169=FACE_OUTER_BOUND('',#232,.T.);
#170=FACE_OUTER_BOUND('',#233,.T.);
#171=FACE_OUTER_BOUND('',#234,.T.);
#172=FACE_OUTER_BOUND('',#235,.T.);
#173=FACE_OUTER_BOUND('',#236,.T.);
#174=FACE_OUTER_BOUND('',#237,.T.);
#175=FACE_OUTER_BOUND('',#238,.T.);
#176=FACE_OUTER_BOUND('',#239,.T.);
#177=FACE_OUTER_BOUND('',#240,.T.);
#178=FACE_OUTER_BOUND('',#241,.T.);
#179=FACE_OUTER_BOUND('',#242,.T.);
#180=FACE_OUTER_BOUND('',#243,.T.);
#181=FACE_OUTER_BOUND('',#244,.T.);
#182=FACE_OUTER_BOUND('',#245,.T.);
#183=FACE_OUTER_BOUND('',#246,.T.);
#184=FACE_OUTER_BOUND('',#247,.T.);
#185=FACE_OUTER_BOUND('',#248,.T.);
#186=FACE_OUTER_BOUND('',#249,.T.);
#187=FACE_OUTER_BOUND('',#250,.T.);
#188=FACE_OUTER_BOUND('',#251,.T.);
#189=FACE_OUTER_BOUND('',#252,.T.);
#190=FACE_OUTER_BOUND('',#253,.T.);
#191=FACE_OUTER_BOUND('',#254,.T.);
#192=FACE_OUTER_BOUND('',#255,.T.);
#193=FACE_OUTER_BOUND('',#256,.T.);
#194=FACE_OUTER_BOUND('',#257,.T.);
#195=FACE_OUTER_BOUND('',#258,.T.);
#196=FACE_OUTER_BOUND('',#259,.T.);
#197=FACE_OUTER_BOUND('',#260,.T.);
#198=FACE_OUTER_BOUND('',#261,.T.);
#199=FACE_OUTER_BOUND('',#262,.T.);
#200=FACE_OUTER_BOUND('',#263,.T.);
#201=FACE_OUTER_BOUND('',#264,.T.);
#202=FACE_OUTER_BOUND('',#265,.T.);
#203=FACE_OUTER_BOUND('',#266,.T.);
#204=FACE_OUTER_BOUND('',#267,.T.);
#205=FACE_OUTER_BOUND('',#268,.T.);
#206=FACE_OUTER_BOUND('',#270,.T.);
#207=EDGE_LOOP('',(#779,#780,#781,#782));
#208=EDGE_LOOP('',(#783,#784,#785,#786));
#209=EDGE_LOOP('',(#787,#788,#789,#790));
#210=EDGE_LOOP('',(#791,#792,#793,#794));
#211=EDGE_LOOP('',(#795,#796,#797,#798));
#212=EDGE_LOOP('',(#799,#800,#801,#802));
#213=EDGE_LOOP('',(#803,#804,#805,#806));
#214=EDGE_LOOP('',(#807,#808,#809,#810));
#215=EDGE_LOOP('',(#811,#812,#813,#814));
#216=EDGE_LOOP('',(#815,#816,#817,#818));
#217=EDGE_LOOP('',(#819,#820,#821,#822));
#218=EDGE_LOOP('',(#823,#824,#825,#826));
#219=EDGE_LOOP('',(#827,#828,#829,#830));
#220=EDGE_LOOP('',(#831,#832,#833,#834));
#221=EDGE_LOOP('',(#835,#836,#837,#838));
#222=EDGE_LOOP('',(#839,#840,#841,#842));
#223=EDGE_LOOP('',(#843,#844,#845,#846));
#224=EDGE_LOOP('',(#847,#848,#849,#850));
#225=EDGE_LOOP('',(#851,#852,#853,#854));
#226=EDGE_LOOP('',(#855,#856,#857,#858));
#227=EDGE_LOOP('',(#859,#860,#861,#862));
#228=EDGE_LOOP('',(#863,#864,#865,#866));
#229=EDGE_LOOP('',(#867,#868,#869,#870));
#230=EDGE_LOOP('',(#871,#872,#873,#874));
#231=EDGE_LOOP('',(#875,#876,#877,#878));
#232=EDGE_LOOP('',(#879,#880,#881,#882));
#233=EDGE_LOOP('',(#883,#884,#885,#886));
#234=EDGE_LOOP('',(#887,#888,#889,#890));
#235=EDGE_LOOP('',(#891,#892,#893,#894));
#236=EDGE_LOOP('',(#895,#896,#897,#898));
#237=EDGE_LOOP('',(#899,#900,#901,#902));
#238=EDGE_LOOP('',(#903,#904,#905,#906));
#239=EDGE_LOOP('',(#907,#908,#909,#910));
#240=EDGE_LOOP('',(#911,#912,#913,#914));
#241=EDGE_LOOP('',(#915,#916,#917,#918));
#242=EDGE_LOOP('',(#919,#920,#921,#922));
#243=EDGE_LOOP('',(#923,#924,#925,#926));
#244=EDGE_LOOP('',(#927,#928,#929,#930));
#245=EDGE_LOOP('',(#931,#932,#933,#934));
#246=EDGE_LOOP('',(#935,#936,#937,#938));
#247=EDGE_LOOP('',(#939,#940,#941,#942));
#248=EDGE_LOOP('',(#943,#944,#945,#946));
#249=EDGE_LOOP('',(#947,#948,#949,#950));
#250=EDGE_LOOP('',(#951,#952,#953,#954));
#251=EDGE_LOOP('',(#955,#956,#957,#958));
#252=EDGE_LOOP('',(#959,#960,#961,#962));
#253=EDGE_LOOP('',(#963,#964,#965,#966));
#254=EDGE_LOOP('',(#967,#968,#969,#970));
#255=EDGE_LOOP('',(#971,#972,#973,#974));
#256=EDGE_LOOP('',(#975,#976,#977,#978));
#257=EDGE_LOOP('',(#979,#980,#981,#982));
#258=EDGE_LOOP('',(#983,#984,#985,#986));
#259=EDGE_LOOP('',(#987,#988,#989,#990));
#260=EDGE_LOOP('',(#991,#992,#993,#994));
#261=EDGE_LOOP('',(#995,#996,#997,#998));
#262=EDGE_LOOP('',(#999,#1000,#1001,#1002));
#263=EDGE_LOOP('',(#1003,#1004,#1005,#1006));
#264=EDGE_LOOP('',(#1007,#1008,#1009,#1010));
#265=EDGE_LOOP('',(#1011,#1012,#1013,#1014));
#266=EDGE_LOOP('',(#1015,#1016,#1017,#1018));
#267=EDGE_LOOP('',(#1019,#1020,#1021,#1022));
#268=EDGE_LOOP('',(#1023,#1024,#1025,#1026,#1027,#1028,#1029,#1030,#1031,
#1032,#1033,#1034,#1035,#1036,#1037,#1038,#1039,#1040,#1041,#1042,#1043,
#1044,#1045,#1046,#1047,#1048,#1049,#1050,#1051,#1052,#1053,#1054,#1055,
#1056,#1057,#1058,#1059,#1060,#1061,#1062,#1063,#1064,#1065,#1066,#1067,
#1068,#1069,#1070,#1071,#1072,#1073,#1074,#1075,#1076,#1077,#1078,#1079,
#1080,#1081,#1082));
#269=EDGE_LOOP('',(#1083));
#270=EDGE_LOOP('',(#1084,#1085,#1086,#1087,#1088,#1089,#1090,#1091,#1092,
#1093,#1094,#1095,#1096,#1097,#1098,#1099,#1100,#1101,#1102,#1103,#1104,
#1105,#1106,#1107,#1108,#1109,#1110,#1111,#1112,#1113,#1114,#1115,#1116,
#1117,#1118,#1119,#1120,#1121,#1122,#1123,#1124,#1125,#1126,#1127,#1128,
#1129,#1130,#1131,#1132,#1133,#1134,#1135,#1136,#1137,#1138,#1139,#1140,
#1141,#1142,#1143));
#271=EDGE_LOOP('',(#1144));
#272=LINE('',#1613,#373);
#273=LINE('',#1615,#374);
#274=LINE('',#1617,#375);
#275=LINE('',#1618,#376);
#276=LINE('',#1660,#377);
#277=LINE('',#1678,#378);
#278=LINE('',#1712,#379);
#279=LINE('',#1725,#380);
#280=LINE('',#1727,#381);
#281=LINE('',#1728,#382);
#282=LINE('',#1733,#383);
#283=LINE('',#1737,#384);
#284=LINE('',#1739,#385);
#285=LINE('',#1740,#386);
#286=LINE('',#1782,#387);
#287=LINE('',#1800,#388);
#288=LINE('',#1834,#389);
#289=LINE('',#1847,#390);
#290=LINE('',#1849,#391);
#291=LINE('',#1850,#392);
#292=LINE('',#1855,#393);
#293=LINE('',#1859,#394);
#294=LINE('',#1861,#395);
#295=LINE('',#1862,#396);
#296=LINE('',#1904,#397);
#297=LINE('',#1922,#398);
#298=LINE('',#1956,#399);
#299=LINE('',#1969,#400);
#300=LINE('',#1971,#401);
#301=LINE('',#1972,#402);
#302=LINE('',#1977,#403);
#303=LINE('',#1981,#404);
#304=LINE('',#1983,#405);
#305=LINE('',#1984,#406);
#306=LINE('',#2026,#407);
#307=LINE('',#2044,#408);
#308=LINE('',#2078,#409);
#309=LINE('',#2091,#410);
#310=LINE('',#2093,#411);
#311=LINE('',#2094,#412);
#312=LINE('',#2099,#413);
#313=LINE('',#2103,#414);
#314=LINE('',#2105,#415);
#315=LINE('',#2106,#416);
#316=LINE('',#2148,#417);
#317=LINE('',#2166,#418);
#318=LINE('',#2200,#419);
#319=LINE('',#2213,#420);
#320=LINE('',#2215,#421);
#321=LINE('',#2216,#422);
#322=LINE('',#2221,#423);
#323=LINE('',#2225,#424);
#324=LINE('',#2227,#425);
#325=LINE('',#2228,#426);
#326=LINE('',#2270,#427);
#327=LINE('',#2288,#428);
#328=LINE('',#2322,#429);
#329=LINE('',#2335,#430);
#330=LINE('',#2337,#431);
#331=LINE('',#2338,#432);
#332=LINE('',#2343,#433);
#333=LINE('',#2347,#434);
#334=LINE('',#2349,#435);
#335=LINE('',#2350,#436);
#336=LINE('',#2392,#437);
#337=LINE('',#2410,#438);
#338=LINE('',#2444,#439);
#339=LINE('',#2457,#440);
#340=LINE('',#2459,#441);
#341=LINE('',#2460,#442);
#342=LINE('',#2465,#443);
#343=LINE('',#2469,#444);
#344=LINE('',#2471,#445);
#345=LINE('',#2472,#446);
#346=LINE('',#2514,#447);
#347=LINE('',#2532,#448);
#348=LINE('',#2566,#449);
#349=LINE('',#2579,#450);
#350=LINE('',#2581,#451);
#351=LINE('',#2582,#452);
#352=LINE('',#2587,#453);
#353=LINE('',#2591,#454);
#354=LINE('',#2593,#455);
#355=LINE('',#2594,#456);
#356=LINE('',#2636,#457);
#357=LINE('',#2654,#458);
#358=LINE('',#2688,#459);
#359=LINE('',#2701,#460);
#360=LINE('',#2703,#461);
#361=LINE('',#2704,#462);
#362=LINE('',#2709,#463);
#363=LINE('',#2713,#464);
#364=LINE('',#2715,#465);
#365=LINE('',#2716,#466);
#366=LINE('',#2758,#467);
#367=LINE('',#2776,#468);
#368=LINE('',#2810,#469);
#369=LINE('',#2823,#470);
#370=LINE('',#2825,#471);
#371=LINE('',#2826,#472);
#372=LINE('',#2834,#473);
#373=VECTOR('',#1337,10.);
#374=VECTOR('',#1338,10.);
#375=VECTOR('',#1339,10.);
#376=VECTOR('',#1340,10.);
#377=VECTOR('',#1341,10.);
#378=VECTOR('',#1346,10.);
#379=VECTOR('',#1349,10.);
#380=VECTOR('',#1352,10.);
#381=VECTOR('',#1353,10.);
#382=VECTOR('',#1354,10.);
#383=VECTOR('',#1359,10.);
#384=VECTOR('',#1364,10.);
#385=VECTOR('',#1365,10.);
#386=VECTOR('',#1366,10.);
#387=VECTOR('',#1367,10.);
#388=VECTOR('',#1372,10.);
#389=VECTOR('',#1375,10.);
#390=VECTOR('',#1378,10.);
#391=VECTOR('',#1379,10.);
#392=VECTOR('',#1380,10.);
#393=VECTOR('',#1385,10.);
#394=VECTOR('',#1390,10.);
#395=VECTOR('',#1391,10.);
#396=VECTOR('',#1392,10.);
#397=VECTOR('',#1393,10.);
#398=VECTOR('',#1398,10.);
#399=VECTOR('',#1401,10.);
#400=VECTOR('',#1404,10.);
#401=VECTOR('',#1405,10.);
#402=VECTOR('',#1406,10.);
#403=VECTOR('',#1411,10.);
#404=VECTOR('',#1416,10.);
#405=VECTOR('',#1417,10.);
#406=VECTOR('',#1418,10.);
#407=VECTOR('',#1419,10.);
#408=VECTOR('',#1424,10.);
#409=VECTOR('',#1427,10.);
#410=VECTOR('',#1430,10.);
#411=VECTOR('',#1431,10.);
#412=VECTOR('',#1432,10.);
#413=VECTOR('',#1437,10.);
#414=VECTOR('',#1442,10.);
#415=VECTOR('',#1443,10.);
#416=VECTOR('',#1444,10.);
#417=VECTOR('',#1445,10.);
#418=VECTOR('',#1450,10.);
#419=VECTOR('',#1453,10.);
#420=VECTOR('',#1456,10.);
#421=VECTOR('',#1457,10.);
#422=VECTOR('',#1458,10.);
#423=VECTOR('',#1463,10.);
#424=VECTOR('',#1468,10.);
#425=VECTOR('',#1469,10.);
#426=VECTOR('',#1470,10.);
#427=VECTOR('',#1471,10.);
#428=VECTOR('',#1476,10.);
#429=VECTOR('',#1479,10.);
#430=VECTOR('',#1482,10.);
#431=VECTOR('',#1483,10.);
#432=VECTOR('',#1484,10.);
#433=VECTOR('',#1489,10.);
#434=VECTOR('',#1494,10.);
#435=VECTOR('',#1495,10.);
#436=VECTOR('',#1496,10.);
#437=VECTOR('',#1497,10.);
#438=VECTOR('',#1502,10.);
#439=VECTOR('',#1505,10.);
#440=VECTOR('',#1508,10.);
#441=VECTOR('',#1509,10.);
#442=VECTOR('',#1510,10.);
#443=VECTOR('',#1515,10.);
#444=VECTOR('',#1520,10.);
#445=VECTOR('',#1521,10.);
#446=VECTOR('',#1522,10.);
#447=VECTOR('',#1523,10.);
#448=VECTOR('',#1528,10.);
#449=VECTOR('',#1531,10.);
#450=VECTOR('',#1534,10.);
#451=VECTOR('',#1535,10.);
#452=VECTOR('',#1536,10.);
#453=VECTOR('',#1541,10.);
#454=VECTOR('',#1546,10.);
#455=VECTOR('',#1547,10.);
#456=VECTOR('',#1548,10.);
#457=VECTOR('',#1549,10.);
#458=VECTOR('',#1554,10.);
#459=VECTOR('',#1557,10.);
#460=VECTOR('',#1560,10.);
#461=VECTOR('',#1561,10.);
#462=VECTOR('',#1562,10.);
#463=VECTOR('',#1567,10.);
#464=VECTOR('',#1572,10.);
#465=VECTOR('',#1573,10.);
#466=VECTOR('',#1574,10.);
#467=VECTOR('',#1575,10.);
#468=VECTOR('',#1580,10.);
#469=VECTOR('',#1583,10.);
#470=VECTOR('',#1586,10.);
#471=VECTOR('',#1587,10.);
#472=VECTOR('',#1588,10.);
#473=VECTOR('',#1599,2.9);
#474=VERTEX_POINT('',#1611);
#475=VERTEX_POINT('',#1612);
#476=VERTEX_POINT('',#1614);
#477=VERTEX_POINT('',#1616);
#478=VERTEX_POINT('',#1645);
#479=VERTEX_POINT('',#1659);
#480=VERTEX_POINT('',#1675);
#481=VERTEX_POINT('',#1677);
#482=VERTEX_POINT('',#1700);
#483=VERTEX_POINT('',#1711);
#484=VERTEX_POINT('',#1724);
#485=VERTEX_POINT('',#1726);
#486=VERTEX_POINT('',#1730);
#487=VERTEX_POINT('',#1732);
#488=VERTEX_POINT('',#1736);
#489=VERTEX_POINT('',#1738);
#490=VERTEX_POINT('',#1767);
#491=VERTEX_POINT('',#1781);
#492=VERTEX_POINT('',#1797);
#493=VERTEX_POINT('',#1799);
#494=VERTEX_POINT('',#1822);
#495=VERTEX_POINT('',#1833);
#496=VERTEX_POINT('',#1846);
#497=VERTEX_POINT('',#1848);
#498=VERTEX_POINT('',#1852);
#499=VERTEX_POINT('',#1854);
#500=VERTEX_POINT('',#1858);
#501=VERTEX_POINT('',#1860);
#502=VERTEX_POINT('',#1889);
#503=VERTEX_POINT('',#1903);
#504=VERTEX_POINT('',#1919);
#505=VERTEX_POINT('',#1921);
#506=VERTEX_POINT('',#1944);
#507=VERTEX_POINT('',#1955);
#508=VERTEX_POINT('',#1968);
#509=VERTEX_POINT('',#1970);
#510=VERTEX_POINT('',#1974);
#511=VERTEX_POINT('',#1976);
#512=VERTEX_POINT('',#1980);
#513=VERTEX_POINT('',#1982);
#514=VERTEX_POINT('',#2011);
#515=VERTEX_POINT('',#2025);
#516=VERTEX_POINT('',#2041);
#517=VERTEX_POINT('',#2043);
#518=VERTEX_POINT('',#2066);
#519=VERTEX_POINT('',#2077);
#520=VERTEX_POINT('',#2090);
#521=VERTEX_POINT('',#2092);
#522=VERTEX_POINT('',#2096);
#523=VERTEX_POINT('',#2098);
#524=VERTEX_POINT('',#2102);
#525=VERTEX_POINT('',#2104);
#526=VERTEX_POINT('',#2133);
#527=VERTEX_POINT('',#2147);
#528=VERTEX_POINT('',#2163);
#529=VERTEX_POINT('',#2165);
#530=VERTEX_POINT('',#2188);
#531=VERTEX_POINT('',#2199);
#532=VERTEX_POINT('',#2212);
#533=VERTEX_POINT('',#2214);
#534=VERTEX_POINT('',#2218);
#535=VERTEX_POINT('',#2220);
#536=VERTEX_POINT('',#2224);
#537=VERTEX_POINT('',#2226);
#538=VERTEX_POINT('',#2255);
#539=VERTEX_POINT('',#2269);
#540=VERTEX_POINT('',#2285);
#541=VERTEX_POINT('',#2287);
#542=VERTEX_POINT('',#2310);
#543=VERTEX_POINT('',#2321);
#544=VERTEX_POINT('',#2334);
#545=VERTEX_POINT('',#2336);
#546=VERTEX_POINT('',#2340);
#547=VERTEX_POINT('',#2342);
#548=VERTEX_POINT('',#2346);
#549=VERTEX_POINT('',#2348);
#550=VERTEX_POINT('',#2377);
#551=VERTEX_POINT('',#2391);
#552=VERTEX_POINT('',#2407);
#553=VERTEX_POINT('',#2409);
#554=VERTEX_POINT('',#2432);
#555=VERTEX_POINT('',#2443);
#556=VERTEX_POINT('',#2456);
#557=VERTEX_POINT('',#2458);
#558=VERTEX_POINT('',#2462);
#559=VERTEX_POINT('',#2464);
#560=VERTEX_POINT('',#2468);
#561=VERTEX_POINT('',#2470);
#562=VERTEX_POINT('',#2499);
#563=VERTEX_POINT('',#2513);
#564=VERTEX_POINT('',#2529);
#565=VERTEX_POINT('',#2531);
#566=VERTEX_POINT('',#2554);
#567=VERTEX_POINT('',#2565);
#568=VERTEX_POINT('',#2578);
#569=VERTEX_POINT('',#2580);
#570=VERTEX_POINT('',#2584);
#571=VERTEX_POINT('',#2586);
#572=VERTEX_POINT('',#2590);
#573=VERTEX_POINT('',#2592);
#574=VERTEX_POINT('',#2621);
#575=VERTEX_POINT('',#2635);
#576=VERTEX_POINT('',#2651);
#577=VERTEX_POINT('',#2653);
#578=VERTEX_POINT('',#2676);
#579=VERTEX_POINT('',#2687);
#580=VERTEX_POINT('',#2700);
#581=VERTEX_POINT('',#2702);
#582=VERTEX_POINT('',#2706);
#583=VERTEX_POINT('',#2708);
#584=VERTEX_POINT('',#2712);
#585=VERTEX_POINT('',#2714);
#586=VERTEX_POINT('',#2743);
#587=VERTEX_POINT('',#2757);
#588=VERTEX_POINT('',#2773);
#589=VERTEX_POINT('',#2775);
#590=VERTEX_POINT('',#2798);
#591=VERTEX_POINT('',#2809);
#592=VERTEX_POINT('',#2822);
#593=VERTEX_POINT('',#2824);
#594=VERTEX_POINT('',#2831);
#595=VERTEX_POINT('',#2833);
#596=EDGE_CURVE('',#474,#475,#272,.T.);
#597=EDGE_CURVE('',#474,#476,#273,.T.);
#598=EDGE_CURVE('',#477,#476,#274,.T.);
#599=EDGE_CURVE('',#475,#477,#275,.T.);
#600=EDGE_CURVE('',#478,#474,#84,.T.);
#601=EDGE_CURVE('',#478,#479,#276,.T.);
#602=EDGE_CURVE('',#476,#479,#85,.T.);
#603=EDGE_CURVE('',#480,#478,#21,.T.);
#604=EDGE_CURVE('',#480,#481,#277,.T.);
#605=EDGE_CURVE('',#479,#481,#22,.T.);
#606=EDGE_CURVE('',#482,#480,#86,.T.);
#607=EDGE_CURVE('',#482,#483,#278,.T.);
#608=EDGE_CURVE('',#481,#483,#87,.T.);
#609=EDGE_CURVE('',#484,#482,#279,.T.);
#610=EDGE_CURVE('',#484,#485,#280,.T.);
#611=EDGE_CURVE('',#483,#485,#281,.T.);
#612=EDGE_CURVE('',#486,#484,#23,.T.);
#613=EDGE_CURVE('',#486,#487,#282,.T.);
#614=EDGE_CURVE('',#485,#487,#24,.T.);
#615=EDGE_CURVE('',#488,#486,#283,.T.);
#616=EDGE_CURVE('',#488,#489,#284,.T.);
#617=EDGE_CURVE('',#487,#489,#285,.T.);
#618=EDGE_CURVE('',#490,#488,#88,.T.);
#619=EDGE_CURVE('',#490,#491,#286,.T.);
#620=EDGE_CURVE('',#489,#491,#89,.T.);
#621=EDGE_CURVE('',#492,#490,#25,.T.);
#622=EDGE_CURVE('',#492,#493,#287,.T.);
#623=EDGE_CURVE('',#491,#493,#26,.T.);
#624=EDGE_CURVE('',#494,#492,#90,.T.);
#625=EDGE_CURVE('',#494,#495,#288,.T.);
#626=EDGE_CURVE('',#493,#495,#91,.T.);
#627=EDGE_CURVE('',#496,#494,#289,.T.);
#628=EDGE_CURVE('',#496,#497,#290,.T.);
#629=EDGE_CURVE('',#495,#497,#291,.T.);
#630=EDGE_CURVE('',#498,#496,#27,.T.);
#631=EDGE_CURVE('',#498,#499,#292,.T.);
#632=EDGE_CURVE('',#497,#499,#28,.T.);
#633=EDGE_CURVE('',#500,#498,#293,.T.);
#634=EDGE_CURVE('',#500,#501,#294,.T.);
#635=EDGE_CURVE('',#499,#501,#295,.T.);
#636=EDGE_CURVE('',#502,#500,#92,.T.);
#637=EDGE_CURVE('',#502,#503,#296,.T.);
#638=EDGE_CURVE('',#501,#503,#93,.T.);
#639=EDGE_CURVE('',#504,#502,#29,.T.);
#640=EDGE_CURVE('',#504,#505,#297,.T.);
#641=EDGE_CURVE('',#503,#505,#30,.T.);
#642=EDGE_CURVE('',#506,#504,#94,.T.);
#643=EDGE_CURVE('',#506,#507,#298,.T.);
#644=EDGE_CURVE('',#505,#507,#95,.T.);
#645=EDGE_CURVE('',#508,#506,#299,.T.);
#646=EDGE_CURVE('',#508,#509,#300,.T.);
#647=EDGE_CURVE('',#507,#509,#301,.T.);
#648=EDGE_CURVE('',#510,#508,#31,.T.);
#649=EDGE_CURVE('',#510,#511,#302,.T.);
#650=EDGE_CURVE('',#509,#511,#32,.T.);
#651=EDGE_CURVE('',#512,#510,#303,.T.);
#652=EDGE_CURVE('',#512,#513,#304,.T.);
#653=EDGE_CURVE('',#511,#513,#305,.T.);
#654=EDGE_CURVE('',#514,#512,#96,.T.);
#655=EDGE_CURVE('',#514,#515,#306,.T.);
#656=EDGE_CURVE('',#513,#515,#97,.T.);
#657=EDGE_CURVE('',#516,#514,#33,.T.);
#658=EDGE_CURVE('',#516,#517,#307,.T.);
#659=EDGE_CURVE('',#515,#517,#34,.T.);
#660=EDGE_CURVE('',#518,#516,#98,.T.);
#661=EDGE_CURVE('',#518,#519,#308,.T.);
#662=EDGE_CURVE('',#517,#519,#99,.T.);
#663=EDGE_CURVE('',#520,#518,#309,.T.);
#664=EDGE_CURVE('',#520,#521,#310,.T.);
#665=EDGE_CURVE('',#519,#521,#311,.T.);
#666=EDGE_CURVE('',#522,#520,#35,.T.);
#667=EDGE_CURVE('',#522,#523,#312,.T.);
#668=EDGE_CURVE('',#521,#523,#36,.T.);
#669=EDGE_CURVE('',#524,#522,#313,.T.);
#670=EDGE_CURVE('',#524,#525,#314,.T.);
#671=EDGE_CURVE('',#523,#525,#315,.T.);
#672=EDGE_CURVE('',#526,#524,#100,.T.);
#673=EDGE_CURVE('',#526,#527,#316,.T.);
#674=EDGE_CURVE('',#525,#527,#101,.T.);
#675=EDGE_CURVE('',#528,#526,#37,.T.);
#676=EDGE_CURVE('',#528,#529,#317,.T.);
#677=EDGE_CURVE('',#527,#529,#38,.T.);
#678=EDGE_CURVE('',#530,#528,#102,.T.);
#679=EDGE_CURVE('',#530,#531,#318,.T.);
#680=EDGE_CURVE('',#529,#531,#103,.T.);
#681=EDGE_CURVE('',#532,#530,#319,.T.);
#682=EDGE_CURVE('',#532,#533,#320,.T.);
#683=EDGE_CURVE('',#531,#533,#321,.T.);
#684=EDGE_CURVE('',#534,#532,#39,.T.);
#685=EDGE_CURVE('',#534,#535,#322,.T.);
#686=EDGE_CURVE('',#533,#535,#40,.T.);
#687=EDGE_CURVE('',#536,#534,#323,.T.);
#688=EDGE_CURVE('',#536,#537,#324,.T.);
#689=EDGE_CURVE('',#535,#537,#325,.T.);
#690=EDGE_CURVE('',#538,#536,#104,.T.);
#691=EDGE_CURVE('',#538,#539,#326,.T.);
#692=EDGE_CURVE('',#537,#539,#105,.T.);
#693=EDGE_CURVE('',#540,#538,#41,.T.);
#694=EDGE_CURVE('',#540,#541,#327,.T.);
#695=EDGE_CURVE('',#539,#541,#42,.T.);
#696=EDGE_CURVE('',#542,#540,#106,.T.);
#697=EDGE_CURVE('',#542,#543,#328,.T.);
#698=EDGE_CURVE('',#541,#543,#107,.T.);
#699=EDGE_CURVE('',#544,#542,#329,.T.);
#700=EDGE_CURVE('',#544,#545,#330,.T.);
#701=EDGE_CURVE('',#543,#545,#331,.T.);
#702=EDGE_CURVE('',#546,#544,#43,.T.);
#703=EDGE_CURVE('',#546,#547,#332,.T.);
#704=EDGE_CURVE('',#545,#547,#44,.T.);
#705=EDGE_CURVE('',#548,#546,#333,.T.);
#706=EDGE_CURVE('',#548,#549,#334,.T.);
#707=EDGE_CURVE('',#547,#549,#335,.T.);
#708=EDGE_CURVE('',#550,#548,#108,.T.);
#709=EDGE_CURVE('',#550,#551,#336,.T.);
#710=EDGE_CURVE('',#549,#551,#109,.T.);
#711=EDGE_CURVE('',#552,#550,#45,.T.);
#712=EDGE_CURVE('',#552,#553,#337,.T.);
#713=EDGE_CURVE('',#551,#553,#46,.T.);
#714=EDGE_CURVE('',#554,#552,#110,.T.);
#715=EDGE_CURVE('',#554,#555,#338,.T.);
#716=EDGE_CURVE('',#553,#555,#111,.T.);
#717=EDGE_CURVE('',#556,#554,#339,.T.);
#718=EDGE_CURVE('',#556,#557,#340,.T.);
#719=EDGE_CURVE('',#555,#557,#341,.T.);
#720=EDGE_CURVE('',#558,#556,#47,.T.);
#721=EDGE_CURVE('',#558,#559,#342,.T.);
#722=EDGE_CURVE('',#557,#559,#48,.T.);
#723=EDGE_CURVE('',#560,#558,#343,.T.);
#724=EDGE_CURVE('',#560,#561,#344,.T.);
#725=EDGE_CURVE('',#559,#561,#345,.T.);
#726=EDGE_CURVE('',#562,#560,#112,.T.);
#727=EDGE_CURVE('',#562,#563,#346,.T.);
#728=EDGE_CURVE('',#561,#563,#113,.T.);
#729=EDGE_CURVE('',#564,#562,#49,.T.);
#730=EDGE_CURVE('',#564,#565,#347,.T.);
#731=EDGE_CURVE('',#563,#565,#50,.T.);
#732=EDGE_CURVE('',#566,#564,#114,.T.);
#733=EDGE_CURVE('',#566,#567,#348,.T.);
#734=EDGE_CURVE('',#565,#567,#115,.T.);
#735=EDGE_CURVE('',#568,#566,#349,.T.);
#736=EDGE_CURVE('',#568,#569,#350,.T.);
#737=EDGE_CURVE('',#567,#569,#351,.T.);
#738=EDGE_CURVE('',#570,#568,#51,.T.);
#739=EDGE_CURVE('',#570,#571,#352,.T.);
#740=EDGE_CURVE('',#569,#571,#52,.T.);
#741=EDGE_CURVE('',#572,#570,#353,.T.);
#742=EDGE_CURVE('',#572,#573,#354,.T.);
#743=EDGE_CURVE('',#571,#573,#355,.T.);
#744=EDGE_CURVE('',#574,#572,#116,.T.);
#745=EDGE_CURVE('',#574,#575,#356,.T.);
#746=EDGE_CURVE('',#573,#575,#117,.T.);
#747=EDGE_CURVE('',#576,#574,#53,.T.);
#748=EDGE_CURVE('',#576,#577,#357,.T.);
#749=EDGE_CURVE('',#575,#577,#54,.T.);
#750=EDGE_CURVE('',#578,#576,#118,.T.);
#751=EDGE_CURVE('',#578,#579,#358,.T.);
#752=EDGE_CURVE('',#577,#579,#119,.T.);
#753=EDGE_CURVE('',#580,#578,#359,.T.);
#754=EDGE_CURVE('',#580,#581,#360,.T.);
#755=EDGE_CURVE('',#579,#581,#361,.T.);
#756=EDGE_CURVE('',#582,#580,#55,.T.);
#757=EDGE_CURVE('',#582,#583,#362,.T.);
#758=EDGE_CURVE('',#581,#583,#56,.T.);
#759=EDGE_CURVE('',#584,#582,#363,.T.);
#760=EDGE_CURVE('',#584,#585,#364,.T.);
#761=EDGE_CURVE('',#583,#585,#365,.T.);
#762=EDGE_CURVE('',#586,#584,#120,.T.);
#763=EDGE_CURVE('',#586,#587,#366,.T.);
#764=EDGE_CURVE('',#585,#587,#121,.T.);
#765=EDGE_CURVE('',#588,#586,#57,.T.);
#766=EDGE_CURVE('',#588,#589,#367,.T.);
#767=EDGE_CURVE('',#587,#589,#58,.T.);
#768=EDGE_CURVE('',#590,#588,#122,.T.);
#769=EDGE_CURVE('',#590,#591,#368,.T.);
#770=EDGE_CURVE('',#589,#591,#123,.T.);
#771=EDGE_CURVE('',#592,#590,#369,.T.);
#772=EDGE_CURVE('',#592,#593,#370,.T.);
#773=EDGE_CURVE('',#591,#593,#371,.T.);
#774=EDGE_CURVE('',#475,#592,#59,.T.);
#775=EDGE_CURVE('',#593,#477,#60,.T.);
#776=EDGE_CURVE('',#594,#594,#61,.T.);
#777=EDGE_CURVE('',#594,#595,#372,.T.);
#778=EDGE_CURVE('',#595,#595,#62,.T.);
#779=ORIENTED_EDGE('',*,*,#596,.F.);
#780=ORIENTED_EDGE('',*,*,#597,.T.);
#781=ORIENTED_EDGE('',*,*,#598,.F.);
#782=ORIENTED_EDGE('',*,*,#599,.F.);
#783=ORIENTED_EDGE('',*,*,#600,.F.);
#784=ORIENTED_EDGE('',*,*,#601,.T.);
#785=ORIENTED_EDGE('',*,*,#602,.F.);
#786=ORIENTED_EDGE('',*,*,#597,.F.);
#787=ORIENTED_EDGE('',*,*,#603,.F.);
#788=ORIENTED_EDGE('',*,*,#604,.T.);
#789=ORIENTED_EDGE('',*,*,#605,.F.);
#790=ORIENTED_EDGE('',*,*,#601,.F.);
#791=ORIENTED_EDGE('',*,*,#606,.F.);
#792=ORIENTED_EDGE('',*,*,#607,.T.);
#793=ORIENTED_EDGE('',*,*,#608,.F.);
#794=ORIENTED_EDGE('',*,*,#604,.F.);
#795=ORIENTED_EDGE('',*,*,#609,.F.);
#796=ORIENTED_EDGE('',*,*,#610,.T.);
#797=ORIENTED_EDGE('',*,*,#611,.F.);
#798=ORIENTED_EDGE('',*,*,#607,.F.);
#799=ORIENTED_EDGE('',*,*,#612,.F.);
#800=ORIENTED_EDGE('',*,*,#613,.T.);
#801=ORIENTED_EDGE('',*,*,#614,.F.);
#802=ORIENTED_EDGE('',*,*,#610,.F.);
#803=ORIENTED_EDGE('',*,*,#615,.F.);
#804=ORIENTED_EDGE('',*,*,#616,.T.);
#805=ORIENTED_EDGE('',*,*,#617,.F.);
#806=ORIENTED_EDGE('',*,*,#613,.F.);
#807=ORIENTED_EDGE('',*,*,#618,.F.);
#808=ORIENTED_EDGE('',*,*,#619,.T.);
#809=ORIENTED_EDGE('',*,*,#620,.F.);
#810=ORIENTED_EDGE('',*,*,#616,.F.);
#811=ORIENTED_EDGE('',*,*,#621,.F.);
#812=ORIENTED_EDGE('',*,*,#622,.T.);
#813=ORIENTED_EDGE('',*,*,#623,.F.);
#814=ORIENTED_EDGE('',*,*,#619,.F.);
#815=ORIENTED_EDGE('',*,*,#624,.F.);
#816=ORIENTED_EDGE('',*,*,#625,.T.);
#817=ORIENTED_EDGE('',*,*,#626,.F.);
#818=ORIENTED_EDGE('',*,*,#622,.F.);
#819=ORIENTED_EDGE('',*,*,#627,.F.);
#820=ORIENTED_EDGE('',*,*,#628,.T.);
#821=ORIENTED_EDGE('',*,*,#629,.F.);
#822=ORIENTED_EDGE('',*,*,#625,.F.);
#823=ORIENTED_EDGE('',*,*,#630,.F.);
#824=ORIENTED_EDGE('',*,*,#631,.T.);
#825=ORIENTED_EDGE('',*,*,#632,.F.);
#826=ORIENTED_EDGE('',*,*,#628,.F.);
#827=ORIENTED_EDGE('',*,*,#633,.F.);
#828=ORIENTED_EDGE('',*,*,#634,.T.);
#829=ORIENTED_EDGE('',*,*,#635,.F.);
#830=ORIENTED_EDGE('',*,*,#631,.F.);
#831=ORIENTED_EDGE('',*,*,#636,.F.);
#832=ORIENTED_EDGE('',*,*,#637,.T.);
#833=ORIENTED_EDGE('',*,*,#638,.F.);
#834=ORIENTED_EDGE('',*,*,#634,.F.);
#835=ORIENTED_EDGE('',*,*,#639,.F.);
#836=ORIENTED_EDGE('',*,*,#640,.T.);
#837=ORIENTED_EDGE('',*,*,#641,.F.);
#838=ORIENTED_EDGE('',*,*,#637,.F.);
#839=ORIENTED_EDGE('',*,*,#642,.F.);
#840=ORIENTED_EDGE('',*,*,#643,.T.);
#841=ORIENTED_EDGE('',*,*,#644,.F.);
#842=ORIENTED_EDGE('',*,*,#640,.F.);
#843=ORIENTED_EDGE('',*,*,#645,.F.);
#844=ORIENTED_EDGE('',*,*,#646,.T.);
#845=ORIENTED_EDGE('',*,*,#647,.F.);
#846=ORIENTED_EDGE('',*,*,#643,.F.);
#847=ORIENTED_EDGE('',*,*,#648,.F.);
#848=ORIENTED_EDGE('',*,*,#649,.T.);
#849=ORIENTED_EDGE('',*,*,#650,.F.);
#850=ORIENTED_EDGE('',*,*,#646,.F.);
#851=ORIENTED_EDGE('',*,*,#651,.F.);
#852=ORIENTED_EDGE('',*,*,#652,.T.);
#853=ORIENTED_EDGE('',*,*,#653,.F.);
#854=ORIENTED_EDGE('',*,*,#649,.F.);
#855=ORIENTED_EDGE('',*,*,#654,.F.);
#856=ORIENTED_EDGE('',*,*,#655,.T.);
#857=ORIENTED_EDGE('',*,*,#656,.F.);
#858=ORIENTED_EDGE('',*,*,#652,.F.);
#859=ORIENTED_EDGE('',*,*,#657,.F.);
#860=ORIENTED_EDGE('',*,*,#658,.T.);
#861=ORIENTED_EDGE('',*,*,#659,.F.);
#862=ORIENTED_EDGE('',*,*,#655,.F.);
#863=ORIENTED_EDGE('',*,*,#660,.F.);
#864=ORIENTED_EDGE('',*,*,#661,.T.);
#865=ORIENTED_EDGE('',*,*,#662,.F.);
#866=ORIENTED_EDGE('',*,*,#658,.F.);
#867=ORIENTED_EDGE('',*,*,#663,.F.);
#868=ORIENTED_EDGE('',*,*,#664,.T.);
#869=ORIENTED_EDGE('',*,*,#665,.F.);
#870=ORIENTED_EDGE('',*,*,#661,.F.);
#871=ORIENTED_EDGE('',*,*,#666,.F.);
#872=ORIENTED_EDGE('',*,*,#667,.T.);
#873=ORIENTED_EDGE('',*,*,#668,.F.);
#874=ORIENTED_EDGE('',*,*,#664,.F.);
#875=ORIENTED_EDGE('',*,*,#669,.F.);
#876=ORIENTED_EDGE('',*,*,#670,.T.);
#877=ORIENTED_EDGE('',*,*,#671,.F.);
#878=ORIENTED_EDGE('',*,*,#667,.F.);
#879=ORIENTED_EDGE('',*,*,#672,.F.);
#880=ORIENTED_EDGE('',*,*,#673,.T.);
#881=ORIENTED_EDGE('',*,*,#674,.F.);
#882=ORIENTED_EDGE('',*,*,#670,.F.);
#883=ORIENTED_EDGE('',*,*,#675,.F.);
#884=ORIENTED_EDGE('',*,*,#676,.T.);
#885=ORIENTED_EDGE('',*,*,#677,.F.);
#886=ORIENTED_EDGE('',*,*,#673,.F.);
#887=ORIENTED_EDGE('',*,*,#678,.F.);
#888=ORIENTED_EDGE('',*,*,#679,.T.);
#889=ORIENTED_EDGE('',*,*,#680,.F.);
#890=ORIENTED_EDGE('',*,*,#676,.F.);
#891=ORIENTED_EDGE('',*,*,#681,.F.);
#892=ORIENTED_EDGE('',*,*,#682,.T.);
#893=ORIENTED_EDGE('',*,*,#683,.F.);
#894=ORIENTED_EDGE('',*,*,#679,.F.);
#895=ORIENTED_EDGE('',*,*,#684,.F.);
#896=ORIENTED_EDGE('',*,*,#685,.T.);
#897=ORIENTED_EDGE('',*,*,#686,.F.);
#898=ORIENTED_EDGE('',*,*,#682,.F.);
#899=ORIENTED_EDGE('',*,*,#687,.F.);
#900=ORIENTED_EDGE('',*,*,#688,.T.);
#901=ORIENTED_EDGE('',*,*,#689,.F.);
#902=ORIENTED_EDGE('',*,*,#685,.F.);
#903=ORIENTED_EDGE('',*,*,#690,.F.);
#904=ORIENTED_EDGE('',*,*,#691,.T.);
#905=ORIENTED_EDGE('',*,*,#692,.F.);
#906=ORIENTED_EDGE('',*,*,#688,.F.);
#907=ORIENTED_EDGE('',*,*,#693,.F.);
#908=ORIENTED_EDGE('',*,*,#694,.T.);
#909=ORIENTED_EDGE('',*,*,#695,.F.);
#910=ORIENTED_EDGE('',*,*,#691,.F.);
#911=ORIENTED_EDGE('',*,*,#696,.F.);
#912=ORIENTED_EDGE('',*,*,#697,.T.);
#913=ORIENTED_EDGE('',*,*,#698,.F.);
#914=ORIENTED_EDGE('',*,*,#694,.F.);
#915=ORIENTED_EDGE('',*,*,#699,.F.);
#916=ORIENTED_EDGE('',*,*,#700,.T.);
#917=ORIENTED_EDGE('',*,*,#701,.F.);
#918=ORIENTED_EDGE('',*,*,#697,.F.);
#919=ORIENTED_EDGE('',*,*,#702,.F.);
#920=ORIENTED_EDGE('',*,*,#703,.T.);
#921=ORIENTED_EDGE('',*,*,#704,.F.);
#922=ORIENTED_EDGE('',*,*,#700,.F.);
#923=ORIENTED_EDGE('',*,*,#705,.F.);
#924=ORIENTED_EDGE('',*,*,#706,.T.);
#925=ORIENTED_EDGE('',*,*,#707,.F.);
#926=ORIENTED_EDGE('',*,*,#703,.F.);
#927=ORIENTED_EDGE('',*,*,#708,.F.);
#928=ORIENTED_EDGE('',*,*,#709,.T.);
#929=ORIENTED_EDGE('',*,*,#710,.F.);
#930=ORIENTED_EDGE('',*,*,#706,.F.);
#931=ORIENTED_EDGE('',*,*,#711,.F.);
#932=ORIENTED_EDGE('',*,*,#712,.T.);
#933=ORIENTED_EDGE('',*,*,#713,.F.);
#934=ORIENTED_EDGE('',*,*,#709,.F.);
#935=ORIENTED_EDGE('',*,*,#714,.F.);
#936=ORIENTED_EDGE('',*,*,#715,.T.);
#937=ORIENTED_EDGE('',*,*,#716,.F.);
#938=ORIENTED_EDGE('',*,*,#712,.F.);
#939=ORIENTED_EDGE('',*,*,#717,.F.);
#940=ORIENTED_EDGE('',*,*,#718,.T.);
#941=ORIENTED_EDGE('',*,*,#719,.F.);
#942=ORIENTED_EDGE('',*,*,#715,.F.);
#943=ORIENTED_EDGE('',*,*,#720,.F.);
#944=ORIENTED_EDGE('',*,*,#721,.T.);
#945=ORIENTED_EDGE('',*,*,#722,.F.);
#946=ORIENTED_EDGE('',*,*,#718,.F.);
#947=ORIENTED_EDGE('',*,*,#723,.F.);
#948=ORIENTED_EDGE('',*,*,#724,.T.);
#949=ORIENTED_EDGE('',*,*,#725,.F.);
#950=ORIENTED_EDGE('',*,*,#721,.F.);
#951=ORIENTED_EDGE('',*,*,#726,.F.);
#952=ORIENTED_EDGE('',*,*,#727,.T.);
#953=ORIENTED_EDGE('',*,*,#728,.F.);
#954=ORIENTED_EDGE('',*,*,#724,.F.);
#955=ORIENTED_EDGE('',*,*,#729,.F.);
#956=ORIENTED_EDGE('',*,*,#730,.T.);
#957=ORIENTED_EDGE('',*,*,#731,.F.);
#958=ORIENTED_EDGE('',*,*,#727,.F.);
#959=ORIENTED_EDGE('',*,*,#732,.F.);
#960=ORIENTED_EDGE('',*,*,#733,.T.);
#961=ORIENTED_EDGE('',*,*,#734,.F.);
#962=ORIENTED_EDGE('',*,*,#730,.F.);
#963=ORIENTED_EDGE('',*,*,#735,.F.);
#964=ORIENTED_EDGE('',*,*,#736,.T.);
#965=ORIENTED_EDGE('',*,*,#737,.F.);
#966=ORIENTED_EDGE('',*,*,#733,.F.);
#967=ORIENTED_EDGE('',*,*,#738,.F.);
#968=ORIENTED_EDGE('',*,*,#739,.T.);
#969=ORIENTED_EDGE('',*,*,#740,.F.);
#970=ORIENTED_EDGE('',*,*,#736,.F.);
#971=ORIENTED_EDGE('',*,*,#741,.F.);
#972=ORIENTED_EDGE('',*,*,#742,.T.);
#973=ORIENTED_EDGE('',*,*,#743,.F.);
#974=ORIENTED_EDGE('',*,*,#739,.F.);
#975=ORIENTED_EDGE('',*,*,#744,.F.);
#976=ORIENTED_EDGE('',*,*,#745,.T.);
#977=ORIENTED_EDGE('',*,*,#746,.F.);
#978=ORIENTED_EDGE('',*,*,#742,.F.);
#979=ORIENTED_EDGE('',*,*,#747,.F.);
#980=ORIENTED_EDGE('',*,*,#748,.T.);
#981=ORIENTED_EDGE('',*,*,#749,.F.);
#982=ORIENTED_EDGE('',*,*,#745,.F.);
#983=ORIENTED_EDGE('',*,*,#750,.F.);
#984=ORIENTED_EDGE('',*,*,#751,.T.);
#985=ORIENTED_EDGE('',*,*,#752,.F.);
#986=ORIENTED_EDGE('',*,*,#748,.F.);
#987=ORIENTED_EDGE('',*,*,#753,.F.);
#988=ORIENTED_EDGE('',*,*,#754,.T.);
#989=ORIENTED_EDGE('',*,*,#755,.F.);
#990=ORIENTED_EDGE('',*,*,#751,.F.);
#991=ORIENTED_EDGE('',*,*,#756,.F.);
#992=ORIENTED_EDGE('',*,*,#757,.T.);
#993=ORIENTED_EDGE('',*,*,#758,.F.);
#994=ORIENTED_EDGE('',*,*,#754,.F.);
#995=ORIENTED_EDGE('',*,*,#759,.F.);
#996=ORIENTED_EDGE('',*,*,#760,.T.);
#997=ORIENTED_EDGE('',*,*,#761,.F.);
#998=ORIENTED_EDGE('',*,*,#757,.F.);
#999=ORIENTED_EDGE('',*,*,#762,.F.);
#1000=ORIENTED_EDGE('',*,*,#763,.T.);
#1001=ORIENTED_EDGE('',*,*,#764,.F.);
#1002=ORIENTED_EDGE('',*,*,#760,.F.);
#1003=ORIENTED_EDGE('',*,*,#765,.F.);
#1004=ORIENTED_EDGE('',*,*,#766,.T.);
#1005=ORIENTED_EDGE('',*,*,#767,.F.);
#1006=ORIENTED_EDGE('',*,*,#763,.F.);
#1007=ORIENTED_EDGE('',*,*,#768,.F.);
#1008=ORIENTED_EDGE('',*,*,#769,.T.);
#1009=ORIENTED_EDGE('',*,*,#770,.F.);
#1010=ORIENTED_EDGE('',*,*,#766,.F.);
#1011=ORIENTED_EDGE('',*,*,#771,.F.);
#1012=ORIENTED_EDGE('',*,*,#772,.T.);
#1013=ORIENTED_EDGE('',*,*,#773,.F.);
#1014=ORIENTED_EDGE('',*,*,#769,.F.);
#1015=ORIENTED_EDGE('',*,*,#774,.F.);
#1016=ORIENTED_EDGE('',*,*,#599,.T.);
#1017=ORIENTED_EDGE('',*,*,#775,.F.);
#1018=ORIENTED_EDGE('',*,*,#772,.F.);
#1019=ORIENTED_EDGE('',*,*,#776,.F.);
#1020=ORIENTED_EDGE('',*,*,#777,.T.);
#1021=ORIENTED_EDGE('',*,*,#778,.F.);
#1022=ORIENTED_EDGE('',*,*,#777,.F.);
#1023=ORIENTED_EDGE('',*,*,#598,.T.);
#1024=ORIENTED_EDGE('',*,*,#602,.T.);
#1025=ORIENTED_EDGE('',*,*,#605,.T.);
#1026=ORIENTED_EDGE('',*,*,#608,.T.);
#1027=ORIENTED_EDGE('',*,*,#611,.T.);
#1028=ORIENTED_EDGE('',*,*,#614,.T.);
#1029=ORIENTED_EDGE('',*,*,#617,.T.);
#1030=ORIENTED_EDGE('',*,*,#620,.T.);
#1031=ORIENTED_EDGE('',*,*,#623,.T.);
#1032=ORIENTED_EDGE('',*,*,#626,.T.);
#1033=ORIENTED_EDGE('',*,*,#629,.T.);
#1034=ORIENTED_EDGE('',*,*,#632,.T.);
#1035=ORIENTED_EDGE('',*,*,#635,.T.);
#1036=ORIENTED_EDGE('',*,*,#638,.T.);
#1037=ORIENTED_EDGE('',*,*,#641,.T.);
#1038=ORIENTED_EDGE('',*,*,#644,.T.);
#1039=ORIENTED_EDGE('',*,*,#647,.T.);
#1040=ORIENTED_EDGE('',*,*,#650,.T.);
#1041=ORIENTED_EDGE('',*,*,#653,.T.);
#1042=ORIENTED_EDGE('',*,*,#656,.T.);
#1043=ORIENTED_EDGE('',*,*,#659,.T.);
#1044=ORIENTED_EDGE('',*,*,#662,.T.);
#1045=ORIENTED_EDGE('',*,*,#665,.T.);
#1046=ORIENTED_EDGE('',*,*,#668,.T.);
#1047=ORIENTED_EDGE('',*,*,#671,.T.);
#1048=ORIENTED_EDGE('',*,*,#674,.T.);
#1049=ORIENTED_EDGE('',*,*,#677,.T.);
#1050=ORIENTED_EDGE('',*,*,#680,.T.);
#1051=ORIENTED_EDGE('',*,*,#683,.T.);
#1052=ORIENTED_EDGE('',*,*,#686,.T.);
#1053=ORIENTED_EDGE('',*,*,#689,.T.);
#1054=ORIENTED_EDGE('',*,*,#692,.T.);
#1055=ORIENTED_EDGE('',*,*,#695,.T.);
#1056=ORIENTED_EDGE('',*,*,#698,.T.);
#1057=ORIENTED_EDGE('',*,*,#701,.T.);
#1058=ORIENTED_EDGE('',*,*,#704,.T.);
#1059=ORIENTED_EDGE('',*,*,#707,.T.);
#1060=ORIENTED_EDGE('',*,*,#710,.T.);
#1061=ORIENTED_EDGE('',*,*,#713,.T.);
#1062=ORIENTED_EDGE('',*,*,#716,.T.);
#1063=ORIENTED_EDGE('',*,*,#719,.T.);
#1064=ORIENTED_EDGE('',*,*,#722,.T.);
#1065=ORIENTED_EDGE('',*,*,#725,.T.);
#1066=ORIENTED_EDGE('',*,*,#728,.T.);
#1067=ORIENTED_EDGE('',*,*,#731,.T.);
#1068=ORIENTED_EDGE('',*,*,#734,.T.);
#1069=ORIENTED_EDGE('',*,*,#737,.T.);
#1070=ORIENTED_EDGE('',*,*,#740,.T.);
#1071=ORIENTED_EDGE('',*,*,#743,.T.);
#1072=ORIENTED_EDGE('',*,*,#746,.T.);
#1073=ORIENTED_EDGE('',*,*,#749,.T.);
#1074=ORIENTED_EDGE('',*,*,#752,.T.);
#1075=ORIENTED_EDGE('',*,*,#755,.T.);
#1076=ORIENTED_EDGE('',*,*,#758,.T.);
#1077=ORIENTED_EDGE('',*,*,#761,.T.);
#1078=ORIENTED_EDGE('',*,*,#764,.T.);
#1079=ORIENTED_EDGE('',*,*,#767,.T.);
#1080=ORIENTED_EDGE('',*,*,#770,.T.);
#1081=ORIENTED_EDGE('',*,*,#773,.T.);
#1082=ORIENTED_EDGE('',*,*,#775,.T.);
#1083=ORIENTED_EDGE('',*,*,#778,.T.);
#1084=ORIENTED_EDGE('',*,*,#596,.T.);
#1085=ORIENTED_EDGE('',*,*,#774,.T.);
#1086=ORIENTED_EDGE('',*,*,#771,.T.);
#1087=ORIENTED_EDGE('',*,*,#768,.T.);
#1088=ORIENTED_EDGE('',*,*,#765,.T.);
#1089=ORIENTED_EDGE('',*,*,#762,.T.);
#1090=ORIENTED_EDGE('',*,*,#759,.T.);
#1091=ORIENTED_EDGE('',*,*,#756,.T.);
#1092=ORIENTED_EDGE('',*,*,#753,.T.);
#1093=ORIENTED_EDGE('',*,*,#750,.T.);
#1094=ORIENTED_EDGE('',*,*,#747,.T.);
#1095=ORIENTED_EDGE('',*,*,#744,.T.);
#1096=ORIENTED_EDGE('',*,*,#741,.T.);
#1097=ORIENTED_EDGE('',*,*,#738,.T.);
#1098=ORIENTED_EDGE('',*,*,#735,.T.);
#1099=ORIENTED_EDGE('',*,*,#732,.T.);
#1100=ORIENTED_EDGE('',*,*,#729,.T.);
#1101=ORIENTED_EDGE('',*,*,#726,.T.);
#1102=ORIENTED_EDGE('',*,*,#723,.T.);
#1103=ORIENTED_EDGE('',*,*,#720,.T.);
#1104=ORIENTED_EDGE('',*,*,#717,.T.);
#1105=ORIENTED_EDGE('',*,*,#714,.T.);
#1106=ORIENTED_EDGE('',*,*,#711,.T.);
#1107=ORIENTED_EDGE('',*,*,#708,.T.);
#1108=ORIENTED_EDGE('',*,*,#705,.T.);
#1109=ORIENTED_EDGE('',*,*,#702,.T.);
#1110=ORIENTED_EDGE('',*,*,#699,.T.);
#1111=ORIENTED_EDGE('',*,*,#696,.T.);
#1112=ORIENTED_EDGE('',*,*,#693,.T.);
#1113=ORIENTED_EDGE('',*,*,#690,.T.);
#1114=ORIENTED_EDGE('',*,*,#687,.T.);
#1115=ORIENTED_EDGE('',*,*,#684,.T.);
#1116=ORIENTED_EDGE('',*,*,#681,.T.);
#1117=ORIENTED_EDGE('',*,*,#678,.T.);
#1118=ORIENTED_EDGE('',*,*,#675,.T.);
#1119=ORIENTED_EDGE('',*,*,#672,.T.);
#1120=ORIENTED_EDGE('',*,*,#669,.T.);
#1121=ORIENTED_EDGE('',*,*,#666,.T.);
#1122=ORIENTED_EDGE('',*,*,#663,.T.);
#1123=ORIENTED_EDGE('',*,*,#660,.T.);
#1124=ORIENTED_EDGE('',*,*,#657,.T.);
#1125=ORIENTED_EDGE('',*,*,#654,.T.);
#1126=ORIENTED_EDGE('',*,*,#651,.T.);
#1127=ORIENTED_EDGE('',*,*,#648,.T.);
#1128=ORIENTED_EDGE('',*,*,#645,.T.);
#1129=ORIENTED_EDGE('',*,*,#642,.T.);
#1130=ORIENTED_EDGE('',*,*,#639,.T.);
#1131=ORIENTED_EDGE('',*,*,#636,.T.);
#1132=ORIENTED_EDGE('',*,*,#633,.T.);
#1133=ORIENTED_EDGE('',*,*,#630,.T.);
#1134=ORIENTED_EDGE('',*,*,#627,.T.);
#1135=ORIENTED_EDGE('',*,*,#624,.T.);
#1136=ORIENTED_EDGE('',*,*,#621,.T.);
#1137=ORIENTED_EDGE('',*,*,#618,.T.);
#1138=ORIENTED_EDGE('',*,*,#615,.T.);
#1139=ORIENTED_EDGE('',*,*,#612,.T.);
#1140=ORIENTED_EDGE('',*,*,#609,.T.);
#1141=ORIENTED_EDGE('',*,*,#606,.T.);
#1142=ORIENTED_EDGE('',*,*,#603,.T.);
#1143=ORIENTED_EDGE('',*,*,#600,.T.);
#1144=ORIENTED_EDGE('',*,*,#776,.T.);
#1145=PLANE('',#1245);
#1146=PLANE('',#1249);
#1147=PLANE('',#1253);
#1148=PLANE('',#1257);
#1149=PLANE('',#1261);
#1150=PLANE('',#1265);
#1151=PLANE('',#1269);
#1152=PLANE('',#1273);
#1153=PLANE('',#1277);
#1154=PLANE('',#1281);
#1155=PLANE('',#1285);
#1156=PLANE('',#1289);
#1157=PLANE('',#1293);
#1158=PLANE('',#1297);
#1159=PLANE('',#1301);
#1160=PLANE('',#1305);
#1161=PLANE('',#1309);
#1162=PLANE('',#1313);
#1163=PLANE('',#1317);
#1164=PLANE('',#1321);
#1165=PLANE('',#1328);
#1166=PLANE('',#1329);
#1167=ADVANCED_FACE('',(#144),#1145,.F.);
#1168=ADVANCED_FACE('',(#145),#124,.F.);
#1169=ADVANCED_FACE('',(#146),#63,.T.);
#1170=ADVANCED_FACE('',(#147),#125,.F.);
#1171=ADVANCED_FACE('',(#148),#1146,.F.);
#1172=ADVANCED_FACE('',(#149),#64,.T.);
#1173=ADVANCED_FACE('',(#150),#1147,.F.);
#1174=ADVANCED_FACE('',(#151),#126,.F.);
#1175=ADVANCED_FACE('',(#152),#65,.T.);
#1176=ADVANCED_FACE('',(#153),#127,.F.);
#1177=ADVANCED_FACE('',(#154),#1148,.F.);
#1178=ADVANCED_FACE('',(#155),#66,.T.);
#1179=ADVANCED_FACE('',(#156),#1149,.F.);
#1180=ADVANCED_FACE('',(#157),#128,.F.);
#1181=ADVANCED_FACE('',(#158),#67,.T.);
#1182=ADVANCED_FACE('',(#159),#129,.F.);
#1183=ADVANCED_FACE('',(#160),#1150,.F.);
#1184=ADVANCED_FACE('',(#161),#68,.T.);
#1185=ADVANCED_FACE('',(#162),#1151,.F.);
#1186=ADVANCED_FACE('',(#163),#130,.F.);
#1187=ADVANCED_FACE('',(#164),#69,.T.);
#1188=ADVANCED_FACE('',(#165),#131,.F.);
#1189=ADVANCED_FACE('',(#166),#1152,.F.);
#1190=ADVANCED_FACE('',(#167),#70,.T.);
#1191=ADVANCED_FACE('',(#168),#1153,.F.);
#1192=ADVANCED_FACE('',(#169),#132,.F.);
#1193=ADVANCED_FACE('',(#170),#71,.T.);
#1194=ADVANCED_FACE('',(#171),#133,.F.);
#1195=ADVANCED_FACE('',(#172),#1154,.F.);
#1196=ADVANCED_FACE('',(#173),#72,.T.);
#1197=ADVANCED_FACE('',(#174),#1155,.F.);
#1198=ADVANCED_FACE('',(#175),#134,.F.);
#1199=ADVANCED_FACE('',(#176),#73,.T.);
#1200=ADVANCED_FACE('',(#177),#135,.F.);
#1201=ADVANCED_FACE('',(#178),#1156,.F.);
#1202=ADVANCED_FACE('',(#179),#74,.T.);
#1203=ADVANCED_FACE('',(#180),#1157,.F.);
#1204=ADVANCED_FACE('',(#181),#136,.F.);
#1205=ADVANCED_FACE('',(#182),#75,.T.);
#1206=ADVANCED_FACE('',(#183),#137,.F.);
#1207=ADVANCED_FACE('',(#184),#1158,.F.);
#1208=ADVANCED_FACE('',(#185),#76,.T.);
#1209=ADVANCED_FACE('',(#186),#1159,.F.);
#1210=ADVANCED_FACE('',(#187),#138,.F.);
#1211=ADVANCED_FACE('',(#188),#77,.T.);
#1212=ADVANCED_FACE('',(#189),#139,.F.);
#1213=ADVANCED_FACE('',(#190),#1160,.F.);
#1214=ADVANCED_FACE('',(#191),#78,.T.);
#1215=ADVANCED_FACE('',(#192),#1161,.F.);
#1216=ADVANCED_FACE('',(#193),#140,.F.);
#1217=ADVANCED_FACE('',(#194),#79,.T.);
#1218=ADVANCED_FACE('',(#195),#141,.F.);
#1219=ADVANCED_FACE('',(#196),#1162,.F.);
#1220=ADVANCED_FACE('',(#197),#80,.T.);
#1221=ADVANCED_FACE('',(#198),#1163,.F.);
#1222=ADVANCED_FACE('',(#199),#142,.F.);
#1223=ADVANCED_FACE('',(#200),#81,.T.);
#1224=ADVANCED_FACE('',(#201),#143,.F.);
#1225=ADVANCED_FACE('',(#202),#1164,.F.);
#1226=ADVANCED_FACE('',(#203),#82,.T.);
#1227=ADVANCED_FACE('',(#204),#83,.F.);
#1228=ADVANCED_FACE('',(#205,#19),#1165,.F.);
#1229=ADVANCED_FACE('',(#206,#20),#1166,.T.);
#1230=CLOSED_SHELL('',(#1167,#1168,#1169,#1170,#1171,#1172,#1173,#1174,
#1175,#1176,#1177,#1178,#1179,#1180,#1181,#1182,#1183,#1184,#1185,#1186,
#1187,#1188,#1189,#1190,#1191,#1192,#1193,#1194,#1195,#1196,#1197,#1198,
#1199,#1200,#1201,#1202,#1203,#1204,#1205,#1206,#1207,#1208,#1209,#1210,
#1211,#1212,#1213,#1214,#1215,#1216,#1217,#1218,#1219,#1220,#1221,#1222,
#1223,#1224,#1225,#1226,#1227,#1228,#1229));
#1231=DERIVED_UNIT_ELEMENT(#1233,1.);
#1232=DERIVED_UNIT_ELEMENT(#2846,-3.);
#1233=(
MASS_UNIT()
NAMED_UNIT(*)
SI_UNIT(.KILO.,.GRAM.)
);
#1234=DERIVED_UNIT((#1231,#1232));
#1235=MEASURE_REPRESENTATION_ITEM('density measure',
POSITIVE_RATIO_MEASURE(7850.),#1234);
#1236=PROPERTY_DEFINITION_REPRESENTATION(#1241,#1238);
#1237=PROPERTY_DEFINITION_REPRESENTATION(#1242,#1239);
#1238=REPRESENTATION('material name',(#1240),#2843);
#1239=REPRESENTATION('density',(#1235),#2843);
#1240=DESCRIPTIVE_REPRESENTATION_ITEM('Steel','Steel');
#1241=PROPERTY_DEFINITION('material property','material name',#2858);
#1242=PROPERTY_DEFINITION('material property','density of part',#2858);
#1243=AXIS2_PLACEMENT_3D('',#1608,#1331,#1332);
#1244=AXIS2_PLACEMENT_3D('',#1609,#1333,#1334);
#1245=AXIS2_PLACEMENT_3D('',#1610,#1335,#1336);
#1246=AXIS2_PLACEMENT_3D('',#1674,#1342,#1343);
#1247=AXIS2_PLACEMENT_3D('',#1676,#1344,#1345);
#1248=AXIS2_PLACEMENT_3D('',#1679,#1347,#1348);
#1249=AXIS2_PLACEMENT_3D('',#1723,#1350,#1351);
#1250=AXIS2_PLACEMENT_3D('',#1729,#1355,#1356);
#1251=AXIS2_PLACEMENT_3D('',#1731,#1357,#1358);
#1252=AXIS2_PLACEMENT_3D('',#1734,#1360,#1361);
#1253=AXIS2_PLACEMENT_3D('',#1735,#1362,#1363);
#1254=AXIS2_PLACEMENT_3D('',#1796,#1368,#1369);
#1255=AXIS2_PLACEMENT_3D('',#1798,#1370,#1371);
#1256=AXIS2_PLACEMENT_3D('',#1801,#1373,#1374);
#1257=AXIS2_PLACEMENT_3D('',#1845,#1376,#1377);
#1258=AXIS2_PLACEMENT_3D('',#1851,#1381,#1382);
#1259=AXIS2_PLACEMENT_3D('',#1853,#1383,#1384);
#1260=AXIS2_PLACEMENT_3D('',#1856,#1386,#1387);
#1261=AXIS2_PLACEMENT_3D('',#1857,#1388,#1389);
#1262=AXIS2_PLACEMENT_3D('',#1918,#1394,#1395);
#1263=AXIS2_PLACEMENT_3D('',#1920,#1396,#1397);
#1264=AXIS2_PLACEMENT_3D('',#1923,#1399,#1400);
#1265=AXIS2_PLACEMENT_3D('',#1967,#1402,#1403);
#1266=AXIS2_PLACEMENT_3D('',#1973,#1407,#1408);
#1267=AXIS2_PLACEMENT_3D('',#1975,#1409,#1410);
#1268=AXIS2_PLACEMENT_3D('',#1978,#1412,#1413);
#1269=AXIS2_PLACEMENT_3D('',#1979,#1414,#1415);
#1270=AXIS2_PLACEMENT_3D('',#2040,#1420,#1421);
#1271=AXIS2_PLACEMENT_3D('',#2042,#1422,#1423);
#1272=AXIS2_PLACEMENT_3D('',#2045,#1425,#1426);
#1273=AXIS2_PLACEMENT_3D('',#2089,#1428,#1429);
#1274=AXIS2_PLACEMENT_3D('',#2095,#1433,#1434);
#1275=AXIS2_PLACEMENT_3D('',#2097,#1435,#1436);
#1276=AXIS2_PLACEMENT_3D('',#2100,#1438,#1439);
#1277=AXIS2_PLACEMENT_3D('',#2101,#1440,#1441);
#1278=AXIS2_PLACEMENT_3D('',#2162,#1446,#1447);
#1279=AXIS2_PLACEMENT_3D('',#2164,#1448,#1449);
#1280=AXIS2_PLACEMENT_3D('',#2167,#1451,#1452);
#1281=AXIS2_PLACEMENT_3D('',#2211,#1454,#1455);
#1282=AXIS2_PLACEMENT_3D('',#2217,#1459,#1460);
#1283=AXIS2_PLACEMENT_3D('',#2219,#1461,#1462);
#1284=AXIS2_PLACEMENT_3D('',#2222,#1464,#1465);
#1285=AXIS2_PLACEMENT_3D('',#2223,#1466,#1467);
#1286=AXIS2_PLACEMENT_3D('',#2284,#1472,#1473);
#1287=AXIS2_PLACEMENT_3D('',#2286,#1474,#1475);
#1288=AXIS2_PLACEMENT_3D('',#2289,#1477,#1478);
#1289=AXIS2_PLACEMENT_3D('',#2333,#1480,#1481);
#1290=AXIS2_PLACEMENT_3D('',#2339,#1485,#1486);
#1291=AXIS2_PLACEMENT_3D('',#2341,#1487,#1488);
#1292=AXIS2_PLACEMENT_3D('',#2344,#1490,#1491);
#1293=AXIS2_PLACEMENT_3D('',#2345,#1492,#1493);
#1294=AXIS2_PLACEMENT_3D('',#2406,#1498,#1499);
#1295=AXIS2_PLACEMENT_3D('',#2408,#1500,#1501);
#1296=AXIS2_PLACEMENT_3D('',#2411,#1503,#1504);
#1297=AXIS2_PLACEMENT_3D('',#2455,#1506,#1507);
#1298=AXIS2_PLACEMENT_3D('',#2461,#1511,#1512);
#1299=AXIS2_PLACEMENT_3D('',#2463,#1513,#1514);
#1300=AXIS2_PLACEMENT_3D('',#2466,#1516,#1517);
#1301=AXIS2_PLACEMENT_3D('',#2467,#1518,#1519);
#1302=AXIS2_PLACEMENT_3D('',#2528,#1524,#1525);
#1303=AXIS2_PLACEMENT_3D('',#2530,#1526,#1527);
#1304=AXIS2_PLACEMENT_3D('',#2533,#1529,#1530);
#1305=AXIS2_PLACEMENT_3D('',#2577,#1532,#1533);
#1306=AXIS2_PLACEMENT_3D('',#2583,#1537,#1538);
#1307=AXIS2_PLACEMENT_3D('',#2585,#1539,#1540);
#1308=AXIS2_PLACEMENT_3D('',#2588,#1542,#1543);
#1309=AXIS2_PLACEMENT_3D('',#2589,#1544,#1545);
#1310=AXIS2_PLACEMENT_3D('',#2650,#1550,#1551);
#1311=AXIS2_PLACEMENT_3D('',#2652,#1552,#1553);
#1312=AXIS2_PLACEMENT_3D('',#2655,#1555,#1556);
#1313=AXIS2_PLACEMENT_3D('',#2699,#1558,#1559);
#1314=AXIS2_PLACEMENT_3D('',#2705,#1563,#1564);
#1315=AXIS2_PLACEMENT_3D('',#2707,#1565,#1566);
#1316=AXIS2_PLACEMENT_3D('',#2710,#1568,#1569);
#1317=AXIS2_PLACEMENT_3D('',#2711,#1570,#1571);
#1318=AXIS2_PLACEMENT_3D('',#2772,#1576,#1577);
#1319=AXIS2_PLACEMENT_3D('',#2774,#1578,#1579);
#1320=AXIS2_PLACEMENT_3D('',#2777,#1581,#1582);
#1321=AXIS2_PLACEMENT_3D('',#2821,#1584,#1585);
#1322=AXIS2_PLACEMENT_3D('',#2827,#1589,#1590);
#1323=AXIS2_PLACEMENT_3D('',#2828,#1591,#1592);
#1324=AXIS2_PLACEMENT_3D('',#2829,#1593,#1594);
#1325=AXIS2_PLACEMENT_3D('',#2830,#1595,#1596);
#1326=AXIS2_PLACEMENT_3D('',#2832,#1597,#1598);
#1327=AXIS2_PLACEMENT_3D('',#2835,#1600,#1601);
#1328=AXIS2_PLACEMENT_3D('',#2836,#1602,#1603);
#1329=AXIS2_PLACEMENT_3D('',#2837,#1604,#1605);
#1330=AXIS2_PLACEMENT_3D('',#2838,#1606,#1607);
#1331=DIRECTION('axis',(0.,0.,1.));
#1332=DIRECTION('refdir',(1.,0.,0.));
#1333=DIRECTION('axis',(0.,0.,1.));
#1334=DIRECTION('refdir',(1.,0.,0.));
#1335=DIRECTION('center_axis',(0.988540557330832,-0.15095551169814,0.));
#1336=DIRECTION('ref_axis',(-0.15095551169814,-0.988540557330832,-4.45572185718427E-16));
#1337=DIRECTION('',(-0.15095551169814,-0.988540557330832,0.));
#1338=DIRECTION('',(0.,0.,-1.));
#1339=DIRECTION('',(0.15095551169814,0.988540557330832,0.));
#1340=DIRECTION('',(0.,0.,-1.));
#1341=DIRECTION('',(0.,0.,-1.));
#1342=DIRECTION('center_axis',(0.,0.,-1.));
#1343=DIRECTION('ref_axis',(0.360050667531932,0.932932750421921,0.));
#1344=DIRECTION('center_axis',(0.,0.,1.));
#1345=DIRECTION('ref_axis',(0.360050667531932,0.932932750421921,0.));
#1346=DIRECTION('',(0.,0.,-1.));
#1347=DIRECTION('center_axis',(0.,0.,-1.));
#1348=DIRECTION('ref_axis',(0.360050667531932,0.932932750421921,0.));
#1349=DIRECTION('',(0.,0.,-1.));
#1350=DIRECTION('center_axis',(-0.888475534037955,0.458923986533686,0.));
#1351=DIRECTION('ref_axis',(0.458923986533686,0.888475534037955,0.));
#1352=DIRECTION('',(0.458923986533686,0.888475534037955,0.));
#1353=DIRECTION('',(0.,0.,-1.));
#1354=DIRECTION('',(-0.458923986533686,-0.888475534037955,0.));
#1355=DIRECTION('center_axis',(0.,0.,-1.));
#1356=DIRECTION('ref_axis',(0.721464470497023,0.692451455201338,0.));
#1357=DIRECTION('center_axis',(0.,0.,1.));
#1358=DIRECTION('ref_axis',(0.721464470497023,0.692451455201338,0.));
#1359=DIRECTION('',(0.,0.,-1.));
#1360=DIRECTION('center_axis',(0.,0.,-1.));
#1361=DIRECTION('ref_axis',(0.721464470497023,0.692451455201338,0.));
#1362=DIRECTION('center_axis',(0.711016686981096,-0.703175135250405,0.));
#1363=DIRECTION('ref_axis',(-0.703175135250405,-0.711016686981096,0.));
#1364=DIRECTION('',(-0.703175135250405,-0.711016686981096,0.));
#1365=DIRECTION('',(0.,0.,-1.));
#1366=DIRECTION('',(0.703175135250405,0.711016686981096,0.));
#1367=DIRECTION('',(0.,0.,-1.));
#1368=DIRECTION('center_axis',(0.,0.,-1.));
#1369=DIRECTION('ref_axis',(0.839651220948036,0.543125977246966,0.));
#1370=DIRECTION('center_axis',(0.,0.,1.));
#1371=DIRECTION('ref_axis',(0.839651220948036,0.543125977246966,0.));
#1372=DIRECTION('',(0.,0.,-1.));
#1373=DIRECTION('center_axis',(0.,0.,-1.));
#1374=DIRECTION('ref_axis',(0.839651220948036,0.543125977246966,0.));
#1375=DIRECTION('',(0.,0.,-1.));
#1376=DIRECTION('center_axis',(-0.449043054915293,0.893510120162241,0.));
#1377=DIRECTION('ref_axis',(0.893510120162241,0.449043054915293,0.));
#1378=DIRECTION('',(0.89351012016224,0.449043054915293,0.));
#1379=DIRECTION('',(0.,0.,-1.));
#1380=DIRECTION('',(-0.893510120162241,-0.449043054915293,0.));
#1381=DIRECTION('center_axis',(0.,0.,-1.));
#1382=DIRECTION('ref_axis',(0.990689770765623,0.136138819226397,0.));
#1383=DIRECTION('center_axis',(0.,0.,1.));
#1384=DIRECTION('ref_axis',(0.990689770765623,0.136138819226397,0.));
#1385=DIRECTION('',(0.,0.,-1.));
#1386=DIRECTION('center_axis',(0.,0.,-1.));
#1387=DIRECTION('ref_axis',(0.990689770765623,0.136138819226397,0.));
#1388=DIRECTION('center_axis',(0.161908608772922,-0.986805757180823,0.));
#1389=DIRECTION('ref_axis',(-0.986805757180823,-0.161908608772922,0.));
#1390=DIRECTION('',(-0.986805757180823,-0.161908608772922,0.));
#1391=DIRECTION('',(0.,0.,-1.));
#1392=DIRECTION('',(0.986805757180823,0.161908608772922,0.));
#1393=DIRECTION('',(0.,0.,-1.));
#1394=DIRECTION('center_axis',(0.,0.,-1.));
#1395=DIRECTION('ref_axis',(0.998533546657339,-0.0541364590633312,0.));
#1396=DIRECTION('center_axis',(0.,0.,1.));
#1397=DIRECTION('ref_axis',(0.998533546657339,-0.0541364590633312,0.));
#1398=DIRECTION('',(0.,0.,-1.));
#1399=DIRECTION('center_axis',(0.,0.,-1.));
#1400=DIRECTION('ref_axis',(0.998533546657339,-0.0541364590633312,0.));
#1401=DIRECTION('',(0.,0.,-1.));
#1402=DIRECTION('center_axis',(0.161908608772927,0.986805757180822,0.));
#1403=DIRECTION('ref_axis',(0.986805757180822,-0.161908608772927,0.));
#1404=DIRECTION('',(0.986805757180822,-0.161908608772927,0.));
#1405=DIRECTION('',(0.,0.,-1.));
#1406=DIRECTION('',(-0.986805757180822,0.161908608772927,0.));
#1407=DIRECTION('center_axis',(0.,0.,-1.));
#1408=DIRECTION('ref_axis',(0.881505250908597,-0.472174218504751,0.));
#1409=DIRECTION('center_axis',(0.,0.,1.));
#1410=DIRECTION('ref_axis',(0.881505250908597,-0.472174218504751,0.));
#1411=DIRECTION('',(0.,0.,-1.));
#1412=DIRECTION('center_axis',(0.,0.,-1.));
#1413=DIRECTION('ref_axis',(0.881505250908597,-0.472174218504751,0.));
#1414=DIRECTION('center_axis',(-0.449043054915291,-0.893510120162241,0.));
#1415=DIRECTION('ref_axis',(-0.893510120162241,0.449043054915291,-4.45572185718472E-16));
#1416=DIRECTION('',(-0.893510120162241,0.449043054915291,0.));
#1417=DIRECTION('',(0.,0.,-1.));
#1418=DIRECTION('',(0.893510120162241,-0.449043054915291,0.));
#1419=DIRECTION('',(0.,0.,-1.));
#1420=DIRECTION('center_axis',(0.,0.,-1.));
#1421=DIRECTION('ref_axis',(0.776009996450515,-0.630720608042001,0.));
#1422=DIRECTION('center_axis',(0.,0.,1.));
#1423=DIRECTION('ref_axis',(0.776009996450515,-0.630720608042001,0.));
#1424=DIRECTION('',(0.,0.,-1.));
#1425=DIRECTION('center_axis',(0.,0.,-1.));
#1426=DIRECTION('ref_axis',(0.776009996450515,-0.630720608042001,0.));
#1427=DIRECTION('',(0.,0.,-1.));
#1428=DIRECTION('center_axis',(0.711016686981096,0.703175135250405,0.));
#1429=DIRECTION('ref_axis',(0.703175135250405,-0.711016686981096,0.));
#1430=DIRECTION('',(0.703175135250405,-0.711016686981096,0.));
#1431=DIRECTION('',(0.,0.,-1.));
#1432=DIRECTION('',(-0.703175135250405,0.711016686981096,0.));
#1433=DIRECTION('center_axis',(0.,0.,-1.));
#1434=DIRECTION('ref_axis',(0.435615686465991,-0.900132753378502,0.));
#1435=DIRECTION('center_axis',(0.,0.,1.));
#1436=DIRECTION('ref_axis',(0.435615686465991,-0.900132753378502,0.));
#1437=DIRECTION('',(0.,0.,-1.));
#1438=DIRECTION('center_axis',(0.,0.,-1.));
#1439=DIRECTION('ref_axis',(0.435615686465991,-0.900132753378502,0.));
#1440=DIRECTION('center_axis',(-0.888475534037959,-0.458923986533678,0.));
#1441=DIRECTION('ref_axis',(-0.458923986533678,0.888475534037959,0.));
#1442=DIRECTION('',(-0.458923986533678,0.888475534037959,0.));
#1443=DIRECTION('',(0.,0.,-1.));
#1444=DIRECTION('',(0.458923986533678,-0.888475534037959,0.));
#1445=DIRECTION('',(0.,0.,-1.));
#1446=DIRECTION('center_axis',(0.,0.,-1.));
#1447=DIRECTION('ref_axis',(0.257077003209276,-0.966390922153627,0.));
#1448=DIRECTION('center_axis',(0.,0.,1.));
#1449=DIRECTION('ref_axis',(0.257077003209276,-0.966390922153627,0.));
#1450=DIRECTION('',(0.,0.,-1.));
#1451=DIRECTION('center_axis',(0.,0.,-1.));
#1452=DIRECTION('ref_axis',(0.257077003209276,-0.966390922153627,0.));
#1453=DIRECTION('',(0.,0.,-1.));
#1454=DIRECTION('center_axis',(0.988540557330833,0.150955511698138,0.));
#1455=DIRECTION('ref_axis',(0.150955511698138,-0.988540557330833,0.));
#1456=DIRECTION('',(0.150955511698138,-0.988540557330833,0.));
#1457=DIRECTION('',(0.,0.,-1.));
#1458=DIRECTION('',(-0.150955511698138,0.988540557330833,0.));
#1459=DIRECTION('center_axis',(0.,0.,-1.));
#1460=DIRECTION('ref_axis',(-0.176664264174006,-0.984271170848693,0.));
#1461=DIRECTION('center_axis',(0.,0.,1.));
#1462=DIRECTION('ref_axis',(-0.176664264174006,-0.984271170848693,0.));
#1463=DIRECTION('',(0.,0.,-1.));
#1464=DIRECTION('center_axis',(0.,0.,-1.));
#1465=DIRECTION('ref_axis',(-0.176664264174006,-0.984271170848693,0.));
#1466=DIRECTION('center_axis',(-0.988540557330834,0.150955511698132,0.));
#1467=DIRECTION('ref_axis',(0.150955511698132,0.988540557330833,0.));
#1468=DIRECTION('',(0.150955511698132,0.988540557330833,0.));
#1469=DIRECTION('',(0.,0.,-1.));
#1470=DIRECTION('',(-0.150955511698132,-0.988540557330833,0.));
#1471=DIRECTION('',(0.,0.,-1.));
#1472=DIRECTION('center_axis',(0.,0.,-1.));
#1473=DIRECTION('ref_axis',(-0.360050667531929,-0.932932750421922,0.));
#1474=DIRECTION('center_axis',(0.,0.,1.));
#1475=DIRECTION('ref_axis',(-0.360050667531929,-0.932932750421922,0.));
#1476=DIRECTION('',(0.,0.,-1.));
#1477=DIRECTION('center_axis',(0.,0.,-1.));
#1478=DIRECTION('ref_axis',(-0.360050667531929,-0.932932750421922,0.));
#1479=DIRECTION('',(0.,0.,-1.));
#1480=DIRECTION('center_axis',(0.888475534037955,-0.458923986533686,0.));
#1481=DIRECTION('ref_axis',(-0.458923986533686,-0.888475534037955,0.));
#1482=DIRECTION('',(-0.458923986533686,-0.888475534037955,0.));
#1483=DIRECTION('',(0.,0.,-1.));
#1484=DIRECTION('',(0.458923986533686,0.888475534037955,0.));
#1485=DIRECTION('center_axis',(0.,0.,-1.));
#1486=DIRECTION('ref_axis',(-0.721464470497023,-0.692451455201338,0.));
#1487=DIRECTION('center_axis',(0.,0.,1.));
#1488=DIRECTION('ref_axis',(-0.721464470497023,-0.692451455201338,0.));
#1489=DIRECTION('',(0.,0.,-1.));
#1490=DIRECTION('center_axis',(0.,0.,-1.));
#1491=DIRECTION('ref_axis',(-0.721464470497023,-0.692451455201338,0.));
#1492=DIRECTION('center_axis',(-0.711016686981094,0.703175135250408,0.));
#1493=DIRECTION('ref_axis',(0.703175135250408,0.711016686981094,-4.45572185718407E-16));
#1494=DIRECTION('',(0.703175135250408,0.711016686981094,0.));
#1495=DIRECTION('',(0.,0.,-1.));
#1496=DIRECTION('',(-0.703175135250408,-0.711016686981094,0.));
#1497=DIRECTION('',(0.,0.,-1.));
#1498=DIRECTION('center_axis',(0.,0.,-1.));
#1499=DIRECTION('ref_axis',(-0.839651220948043,-0.543125977246956,0.));
#1500=DIRECTION('center_axis',(0.,0.,1.));
#1501=DIRECTION('ref_axis',(-0.839651220948043,-0.543125977246956,0.));
#1502=DIRECTION('',(0.,0.,-1.));
#1503=DIRECTION('center_axis',(0.,0.,-1.));
#1504=DIRECTION('ref_axis',(-0.839651220948043,-0.543125977246956,0.));
#1505=DIRECTION('',(0.,0.,-1.));
#1506=DIRECTION('center_axis',(0.449043054915293,-0.893510120162241,0.));
#1507=DIRECTION('ref_axis',(-0.893510120162241,-0.449043054915293,0.));
#1508=DIRECTION('',(-0.893510120162241,-0.449043054915293,0.));
#1509=DIRECTION('',(0.,0.,-1.));
#1510=DIRECTION('',(0.893510120162241,0.449043054915293,0.));
#1511=DIRECTION('center_axis',(0.,0.,-1.));
#1512=DIRECTION('ref_axis',(-0.990689770765623,-0.136138819226397,0.));
#1513=DIRECTION('center_axis',(0.,0.,1.));
#1514=DIRECTION('ref_axis',(-0.990689770765623,-0.136138819226397,0.));
#1515=DIRECTION('',(0.,0.,-1.));
#1516=DIRECTION('center_axis',(0.,0.,-1.));
#1517=DIRECTION('ref_axis',(-0.990689770765623,-0.136138819226397,0.));
#1518=DIRECTION('center_axis',(-0.161908608772931,0.986805757180821,0.));
#1519=DIRECTION('ref_axis',(0.986805757180821,0.161908608772931,0.));
#1520=DIRECTION('',(0.986805757180821,0.161908608772931,0.));
#1521=DIRECTION('',(0.,0.,-1.));
#1522=DIRECTION('',(-0.986805757180821,-0.161908608772931,0.));
#1523=DIRECTION('',(0.,0.,-1.));
#1524=DIRECTION('center_axis',(0.,0.,-1.));
#1525=DIRECTION('ref_axis',(-0.998533546657339,0.054136459063323,0.));
#1526=DIRECTION('center_axis',(0.,0.,1.));
#1527=DIRECTION('ref_axis',(-0.998533546657339,0.054136459063323,0.));
#1528=DIRECTION('',(0.,0.,-1.));
#1529=DIRECTION('center_axis',(0.,0.,-1.));
#1530=DIRECTION('ref_axis',(-0.998533546657339,0.054136459063323,0.));
#1531=DIRECTION('',(0.,0.,-1.));
#1532=DIRECTION('center_axis',(-0.161908608772929,-0.986805757180822,0.));
#1533=DIRECTION('ref_axis',(-0.986805757180822,0.161908608772929,0.));
#1534=DIRECTION('',(-0.986805757180822,0.161908608772929,0.));
#1535=DIRECTION('',(0.,0.,-1.));
#1536=DIRECTION('',(0.986805757180822,-0.161908608772929,0.));
#1537=DIRECTION('center_axis',(0.,0.,-1.));
#1538=DIRECTION('ref_axis',(-0.881505250908597,0.47217421850475,0.));
#1539=DIRECTION('center_axis',(0.,0.,1.));
#1540=DIRECTION('ref_axis',(-0.881505250908597,0.47217421850475,0.));
#1541=DIRECTION('',(0.,0.,-1.));
#1542=DIRECTION('center_axis',(0.,0.,-1.));
#1543=DIRECTION('ref_axis',(-0.881505250908597,0.47217421850475,0.));
#1544=DIRECTION('center_axis',(0.449043054915291,0.893510120162241,0.));
#1545=DIRECTION('ref_axis',(0.893510120162241,-0.449043054915291,0.));
#1546=DIRECTION('',(0.893510120162241,-0.449043054915291,0.));
#1547=DIRECTION('',(0.,0.,-1.));
#1548=DIRECTION('',(-0.893510120162241,0.449043054915291,0.));
#1549=DIRECTION('',(0.,0.,-1.));
#1550=DIRECTION('center_axis',(0.,0.,-1.));
#1551=DIRECTION('ref_axis',(-0.776009996450515,0.630720608042001,0.));
#1552=DIRECTION('center_axis',(0.,0.,1.));
#1553=DIRECTION('ref_axis',(-0.776009996450515,0.630720608042001,0.));
#1554=DIRECTION('',(0.,0.,-1.));
#1555=DIRECTION('center_axis',(0.,0.,-1.));
#1556=DIRECTION('ref_axis',(-0.776009996450515,0.630720608042001,0.));
#1557=DIRECTION('',(0.,0.,-1.));
#1558=DIRECTION('center_axis',(-0.711016686981098,-0.703175135250403,0.));
#1559=DIRECTION('ref_axis',(-0.703175135250403,0.711016686981098,0.));
#1560=DIRECTION('',(-0.703175135250403,0.711016686981099,0.));
#1561=DIRECTION('',(0.,0.,-1.));
#1562=DIRECTION('',(0.703175135250403,-0.711016686981098,0.));
#1563=DIRECTION('center_axis',(0.,0.,-1.));
#1564=DIRECTION('ref_axis',(-0.435615686465991,0.900132753378502,0.));
#1565=DIRECTION('center_axis',(0.,0.,1.));
#1566=DIRECTION('ref_axis',(-0.435615686465991,0.900132753378502,0.));
#1567=DIRECTION('',(0.,0.,-1.));
#1568=DIRECTION('center_axis',(0.,0.,-1.));
#1569=DIRECTION('ref_axis',(-0.435615686465991,0.900132753378502,0.));
#1570=DIRECTION('center_axis',(0.888475534037947,0.458923986533702,0.));
#1571=DIRECTION('ref_axis',(0.458923986533702,-0.888475534037947,0.));
#1572=DIRECTION('',(0.458923986533702,-0.888475534037947,0.));
#1573=DIRECTION('',(0.,0.,-1.));
#1574=DIRECTION('',(-0.458923986533702,0.888475534037947,0.));
#1575=DIRECTION('',(0.,0.,-1.));
#1576=DIRECTION('center_axis',(0.,0.,-1.));
#1577=DIRECTION('ref_axis',(-0.25707700320928,0.966390922153626,0.));
#1578=DIRECTION('center_axis',(0.,0.,1.));
#1579=DIRECTION('ref_axis',(-0.25707700320928,0.966390922153626,0.));
#1580=DIRECTION('',(0.,0.,-1.));
#1581=DIRECTION('center_axis',(0.,0.,-1.));
#1582=DIRECTION('ref_axis',(-0.25707700320928,0.966390922153626,0.));
#1583=DIRECTION('',(0.,0.,-1.));
#1584=DIRECTION('center_axis',(-0.988540557330833,-0.150955511698136,0.));
#1585=DIRECTION('ref_axis',(-0.150955511698136,0.988540557330833,0.));
#1586=DIRECTION('',(-0.150955511698136,0.988540557330833,0.));
#1587=DIRECTION('',(0.,0.,-1.));
#1588=DIRECTION('',(0.150955511698136,-0.988540557330833,0.));
#1589=DIRECTION('center_axis',(0.,0.,-1.));
#1590=DIRECTION('ref_axis',(0.176664264174006,0.984271170848693,0.));
#1591=DIRECTION('center_axis',(0.,0.,1.));
#1592=DIRECTION('ref_axis',(0.176664264174006,0.984271170848693,0.));
#1593=DIRECTION('center_axis',(0.,0.,-1.));
#1594=DIRECTION('ref_axis',(0.176664264174006,0.984271170848693,0.));
#1595=DIRECTION('center_axis',(0.,0.,-1.));
#1596=DIRECTION('ref_axis',(-1.,0.,0.));
#1597=DIRECTION('center_axis',(0.,0.,-1.));
#1598=DIRECTION('ref_axis',(-1.,0.,0.));
#1599=DIRECTION('',(0.,0.,-1.));
#1600=DIRECTION('center_axis',(0.,0.,1.));
#1601=DIRECTION('ref_axis',(-1.,0.,0.));
#1602=DIRECTION('center_axis',(0.,0.,1.));
#1603=DIRECTION('ref_axis',(1.,0.,0.));
#1604=DIRECTION('center_axis',(0.,0.,1.));
#1605=DIRECTION('ref_axis',(1.,0.,0.));
#1606=DIRECTION('',(0.,0.,1.));
#1607=DIRECTION('',(1.,0.,0.));
#1608=CARTESIAN_POINT('',(0.,0.,0.));
#1609=CARTESIAN_POINT('',(0.,0.,0.));
#1610=CARTESIAN_POINT('Origin',(1.73203096237199,10.0174073529779,6.));
#1611=CARTESIAN_POINT('',(1.73203096237199,10.0174073529779,6.));
#1612=CARTESIAN_POINT('',(1.35589822753549,7.55428123626372,6.));
#1613=CARTESIAN_POINT('',(0.964869536919068,4.99360812531913,6.));
#1614=CARTESIAN_POINT('',(1.73203096237199,10.0174073529779,1.11022302462516E-15));
#1615=CARTESIAN_POINT('',(1.73203096237199,10.0174073529779,6.));
#1616=CARTESIAN_POINT('',(1.35589822753549,7.55428123626372,0.));
#1617=CARTESIAN_POINT('',(0.964869536919068,4.99360812531913,0.));
#1618=CARTESIAN_POINT('',(1.35589822753549,7.55428123626372,6.));
#1619=CARTESIAN_POINT('Ctrl Pts',(3.18775483979509,11.9832474347049,6.));
#1620=CARTESIAN_POINT('Ctrl Pts',(3.18775483979509,11.9832474347049,0.));
#1621=CARTESIAN_POINT('Ctrl Pts',(2.69175863022078,11.5645812104723,6.));
#1622=CARTESIAN_POINT('Ctrl Pts',(2.69175863022078,11.5645812104723,0.));
#1623=CARTESIAN_POINT('Ctrl Pts',(2.31915129720011,11.1281900947603,6.));
#1624=CARTESIAN_POINT('Ctrl Pts',(2.31915129720011,11.1281900947603,1.11022302462516E-15));
#1625=CARTESIAN_POINT('Ctrl Pts',(2.07900681991173,10.755903018187,6.));
#1626=CARTESIAN_POINT('Ctrl Pts',(2.07900681991173,10.755903018187,1.11022302462516E-15));
#1627=CARTESIAN_POINT('Ctrl Pts',(1.95271775493143,10.5601217646035,6.));
#1628=CARTESIAN_POINT('Ctrl Pts',(1.95271775493143,10.5601217646035,1.11022302462516E-15));
#1629=CARTESIAN_POINT('Ctrl Pts',(1.86299655708166,10.3824779535866,6.));
#1630=CARTESIAN_POINT('Ctrl Pts',(1.86299655708166,10.3824779535866,1.11022302462516E-15));
#1631=CARTESIAN_POINT('Ctrl Pts',(1.80732856125592,10.2468782671999,6.));
#1632=CARTESIAN_POINT('Ctrl Pts',(1.80732856125592,10.2468782671999,1.11022302462516E-15));
#1633=CARTESIAN_POINT('Ctrl Pts',(1.77400499556385,10.1657065815643,6.));
#1634=CARTESIAN_POINT('Ctrl Pts',(1.77400499556385,10.1657065815643,1.11022302462516E-15));
#1635=CARTESIAN_POINT('Ctrl Pts',(1.75286181570018,10.0996145298228,6.));
#1636=CARTESIAN_POINT('Ctrl Pts',(1.75286181570018,10.0996145298228,1.11022302462516E-15));
#1637=CARTESIAN_POINT('Ctrl Pts',(1.74186567957708,10.0588130599754,6.));
#1638=CARTESIAN_POINT('Ctrl Pts',(1.74186567957708,10.0588130599754,1.11022302462516E-15));
#1639=CARTESIAN_POINT('Ctrl Pts',(1.73562082061783,10.0356413365922,6.));
#1640=CARTESIAN_POINT('Ctrl Pts',(1.73562082061783,10.0356413365922,1.11022302462516E-15));
#1641=CARTESIAN_POINT('Ctrl Pts',(1.73316648803572,10.0235505748461,5.99999999999991));
#1642=CARTESIAN_POINT('Ctrl Pts',(1.73316648803572,10.0235505748461,-8.88178419700125E-14));
#1643=CARTESIAN_POINT('Ctrl Pts',(1.73203096237199,10.0174073529779,6.));
#1644=CARTESIAN_POINT('Ctrl Pts',(1.73203096237199,10.0174073529779,0.));
#1645=CARTESIAN_POINT('',(3.18775483979509,11.9832474347049,6.));
#1646=CARTESIAN_POINT('Ctrl Pts',(3.18775483979509,11.9832474347049,6.));
#1647=CARTESIAN_POINT('Ctrl Pts',(2.69175863022078,11.5645812104723,6.));
#1648=CARTESIAN_POINT('Ctrl Pts',(2.31915129720011,11.1281900947603,6.));
#1649=CARTESIAN_POINT('Ctrl Pts',(2.07900681991173,10.755903018187,6.));
#1650=CARTESIAN_POINT('Ctrl Pts',(1.95271775493143,10.5601217646035,6.));
#1651=CARTESIAN_POINT('Ctrl Pts',(1.86299655708166,10.3824779535866,6.));
#1652=CARTESIAN_POINT('Ctrl Pts',(1.80732856125592,10.2468782671999,6.));
#1653=CARTESIAN_POINT('Ctrl Pts',(1.77400499556385,10.1657065815643,6.));
#1654=CARTESIAN_POINT('Ctrl Pts',(1.75286181570018,10.0996145298228,6.));
#1655=CARTESIAN_POINT('Ctrl Pts',(1.74186567957708,10.0588130599754,6.));
#1656=CARTESIAN_POINT('Ctrl Pts',(1.73562082061783,10.0356413365922,6.));
#1657=CARTESIAN_POINT('Ctrl Pts',(1.73316648803572,10.0235505748461,5.99999999999991));
#1658=CARTESIAN_POINT('Ctrl Pts',(1.73203096237199,10.0174073529779,6.));
#1659=CARTESIAN_POINT('',(3.18775483979509,11.9832474347049,1.11022302462516E-15));
#1660=CARTESIAN_POINT('',(3.18775483979509,11.9832474347049,6.));
#1661=CARTESIAN_POINT('Ctrl Pts',(1.73203096237199,10.0174073529779,0.));
#1662=CARTESIAN_POINT('Ctrl Pts',(1.73316648803572,10.0235505748461,-8.88178419700125E-14));
#1663=CARTESIAN_POINT('Ctrl Pts',(1.73562082061783,10.0356413365922,1.11022302462516E-15));
#1664=CARTESIAN_POINT('Ctrl Pts',(1.74186567957708,10.0588130599754,1.11022302462516E-15));
#1665=CARTESIAN_POINT('Ctrl Pts',(1.75286181570018,10.0996145298228,1.11022302462516E-15));
#1666=CARTESIAN_POINT('Ctrl Pts',(1.77400499556385,10.1657065815643,1.11022302462516E-15));
#1667=CARTESIAN_POINT('Ctrl Pts',(1.80732856125592,10.2468782671999,1.11022302462516E-15));
#1668=CARTESIAN_POINT('Ctrl Pts',(1.86299655708166,10.3824779535866,1.11022302462516E-15));
#1669=CARTESIAN_POINT('Ctrl Pts',(1.95271775493143,10.5601217646035,1.11022302462516E-15));
#1670=CARTESIAN_POINT('Ctrl Pts',(2.07900681991173,10.755903018187,1.11022302462516E-15));
#1671=CARTESIAN_POINT('Ctrl Pts',(2.31915129720011,11.1281900947603,1.11022302462516E-15));
#1672=CARTESIAN_POINT('Ctrl Pts',(2.69175863022078,11.5645812104723,0.));
#1673=CARTESIAN_POINT('Ctrl Pts',(3.18775483979509,11.9832474347049,0.));
#1674=CARTESIAN_POINT('Origin',(0.,0.,6.));
#1675=CARTESIAN_POINT('',(4.46462827739595,11.5683661052318,6.));
#1676=CARTESIAN_POINT('Origin',(0.,0.,6.));
#1677=CARTESIAN_POINT('',(4.46462827739595,11.5683661052318,1.11022302462516E-15));
#1678=CARTESIAN_POINT('',(4.46462827739595,11.5683661052318,6.));
#1679=CARTESIAN_POINT('Origin',(0.,0.,0.));
#1680=CARTESIAN_POINT('Ctrl Pts',(4.48684182494372,9.12231504433117,6.));
#1681=CARTESIAN_POINT('Ctrl Pts',(4.48684182494372,9.12231504433117,0.));
#1682=CARTESIAN_POINT('Ctrl Pts',(4.48944150764838,9.12775865888977,6.));
#1683=CARTESIAN_POINT('Ctrl Pts',(4.48944150764838,9.12775865888977,0.));
#1684=CARTESIAN_POINT('Ctrl Pts',(4.49434756972235,9.13849976393582,6.));
#1685=CARTESIAN_POINT('Ctrl Pts',(4.49434756972235,9.13849976393582,1.11022302462516E-15));
#1686=CARTESIAN_POINT('Ctrl Pts',(4.50258841006819,9.15993796309641,6.));
#1687=CARTESIAN_POINT('Ctrl Pts',(4.50258841006819,9.15993796309641,1.11022302462516E-15));
#1688=CARTESIAN_POINT('Ctrl Pts',(4.55940711470995,9.30774943074243,6.));
#1689=CARTESIAN_POINT('Ctrl Pts',(4.55940711470995,9.30774943074243,1.11022302462516E-15));
#1690=CARTESIAN_POINT('Ctrl Pts',(4.67452501291924,9.81156539489409,6.));
#1691=CARTESIAN_POINT('Ctrl Pts',(4.67452501291924,9.81156539489409,1.11022302462516E-15));
#1692=CARTESIAN_POINT('Ctrl Pts',(4.63874242226482,10.444180141466,6.));
#1693=CARTESIAN_POINT('Ctrl Pts',(4.63874242226482,10.444180141466,1.11022302462516E-15));
#1694=CARTESIAN_POINT('Ctrl Pts',(4.61959732186685,10.782654036588,6.));
#1695=CARTESIAN_POINT('Ctrl Pts',(4.61959732186685,10.782654036588,1.11022302462516E-15));
#1696=CARTESIAN_POINT('Ctrl Pts',(4.56441055477067,11.1631200365008,6.));
#1697=CARTESIAN_POINT('Ctrl Pts',(4.56441055477067,11.1631200365008,0.));
#1698=CARTESIAN_POINT('Ctrl Pts',(4.46462827739595,11.5683661052318,6.));
#1699=CARTESIAN_POINT('Ctrl Pts',(4.46462827739595,11.5683661052318,0.));
#1700=CARTESIAN_POINT('',(4.48684182494372,9.12231504433117,6.));
#1701=CARTESIAN_POINT('Ctrl Pts',(4.48684182494372,9.12231504433117,6.));
#1702=CARTESIAN_POINT('Ctrl Pts',(4.48944150764838,9.12775865888977,6.));
#1703=CARTESIAN_POINT('Ctrl Pts',(4.49434756972235,9.13849976393582,6.));
#1704=CARTESIAN_POINT('Ctrl Pts',(4.50258841006819,9.15993796309641,6.));
#1705=CARTESIAN_POINT('Ctrl Pts',(4.55940711470995,9.30774943074243,6.));
#1706=CARTESIAN_POINT('Ctrl Pts',(4.67452501291924,9.81156539489409,6.));
#1707=CARTESIAN_POINT('Ctrl Pts',(4.63874242226482,10.444180141466,6.));
#1708=CARTESIAN_POINT('Ctrl Pts',(4.61959732186685,10.782654036588,6.));
#1709=CARTESIAN_POINT('Ctrl Pts',(4.56441055477067,11.1631200365008,6.));
#1710=CARTESIAN_POINT('Ctrl Pts',(4.46462827739595,11.5683661052318,6.));
#1711=CARTESIAN_POINT('',(4.48684182494372,9.12231504433117,1.11022302462516E-15));
#1712=CARTESIAN_POINT('',(4.48684182494372,9.12231504433117,6.));
#1713=CARTESIAN_POINT('Ctrl Pts',(4.46462827739595,11.5683661052318,0.));
#1714=CARTESIAN_POINT('Ctrl Pts',(4.56441055477067,11.1631200365008,0.));
#1715=CARTESIAN_POINT('Ctrl Pts',(4.61959732186685,10.782654036588,1.11022302462516E-15));
#1716=CARTESIAN_POINT('Ctrl Pts',(4.63874242226482,10.444180141466,1.11022302462516E-15));
#1717=CARTESIAN_POINT('Ctrl Pts',(4.67452501291924,9.81156539489409,1.11022302462516E-15));
#1718=CARTESIAN_POINT('Ctrl Pts',(4.55940711470995,9.30774943074243,1.11022302462516E-15));
#1719=CARTESIAN_POINT('Ctrl Pts',(4.50258841006819,9.15993796309641,1.11022302462516E-15));
#1720=CARTESIAN_POINT('Ctrl Pts',(4.49434756972235,9.13849976393582,1.11022302462516E-15));
#1721=CARTESIAN_POINT('Ctrl Pts',(4.48944150764838,9.12775865888977,0.));
#1722=CARTESIAN_POINT('Ctrl Pts',(4.48684182494372,9.12231504433117,0.));
#1723=CARTESIAN_POINT('Origin',(3.34335039362648,6.90851888218,6.));
#1724=CARTESIAN_POINT('',(3.34335039362648,6.90851888218,6.));
#1725=CARTESIAN_POINT('',(1.58282764340945,3.50015183974337,6.));
#1726=CARTESIAN_POINT('',(3.34335039362648,6.90851888218,0.));
#1727=CARTESIAN_POINT('',(3.34335039362648,6.90851888218,6.));
#1728=CARTESIAN_POINT('',(1.58282764340945,3.50015183974337,0.));
#1729=CARTESIAN_POINT('Origin',(0.,0.,6.));
#1730=CARTESIAN_POINT('',(5.53723981106465,5.31456491867027,6.));
#1731=CARTESIAN_POINT('Origin',(0.,0.,6.));
#1732=CARTESIAN_POINT('',(5.53723981106465,5.31456491867027,0.));
#1733=CARTESIAN_POINT('',(5.53723981106465,5.31456491867027,6.));
#1734=CARTESIAN_POINT('Origin',(0.,0.,0.));
#1735=CARTESIAN_POINT('Origin',(7.28932679162903,7.08619053193939,6.));
#1736=CARTESIAN_POINT('',(7.28932679162903,7.08619053193939,6.));
#1737=CARTESIAN_POINT('',(3.71576506451262,3.47277775244466,6.));
#1738=CARTESIAN_POINT('',(7.28932679162903,7.08619053193939,0.));
#1739=CARTESIAN_POINT('',(7.28932679162903,7.08619053193939,6.));
#1740=CARTESIAN_POINT('',(3.71576506451262,3.47277775244466,0.));
#1741=CARTESIAN_POINT('Ctrl Pts',(9.62252395598646,7.82093553972078,6.));
#1742=CARTESIAN_POINT('Ctrl Pts',(9.62252395598646,7.82093553972078,0.));
#1743=CARTESIAN_POINT('Ctrl Pts',(8.97516876105749,7.77376670652645,6.));
#1744=CARTESIAN_POINT('Ctrl Pts',(8.97516876105749,7.77376670652645,0.));
#1745=CARTESIAN_POINT('Ctrl Pts',(8.41721883436147,7.63973197296394,6.));
#1746=CARTESIAN_POINT('Ctrl Pts',(8.41721883436147,7.63973197296394,0.));
#1747=CARTESIAN_POINT('Ctrl Pts',(8.0041130179084,7.47969878340247,6.));
#1748=CARTESIAN_POINT('Ctrl Pts',(8.0041130179084,7.47969878340247,0.));
#1749=CARTESIAN_POINT('Ctrl Pts',(7.78686568460506,7.39553927199507,6.));
#1750=CARTESIAN_POINT('Ctrl Pts',(7.78686568460506,7.39553927199507,0.));
#1751=CARTESIAN_POINT('Ctrl Pts',(7.60986329850974,7.30455920684975,6.));
#1752=CARTESIAN_POINT('Ctrl Pts',(7.60986329850974,7.30455920684975,0.));
#1753=CARTESIAN_POINT('Ctrl Pts',(7.48512344797162,7.22757758310281,6.));
#1754=CARTESIAN_POINT('Ctrl Pts',(7.48512344797162,7.22757758310281,0.));
#1755=CARTESIAN_POINT('Ctrl Pts',(7.41045259704884,7.18149541027831,6.));
#1756=CARTESIAN_POINT('Ctrl Pts',(7.41045259704884,7.18149541027831,0.));
#1757=CARTESIAN_POINT('Ctrl Pts',(7.35449947180015,7.14045346642001,6.));
#1758=CARTESIAN_POINT('Ctrl Pts',(7.35449947180015,7.14045346642001,0.));
#1759=CARTESIAN_POINT('Ctrl Pts',(7.32162090859831,7.11390775057381,6.));
#1760=CARTESIAN_POINT('Ctrl Pts',(7.32162090859831,7.11390775057381,0.));
#1761=CARTESIAN_POINT('Ctrl Pts',(7.30294871448883,7.0988320687074,6.));
#1762=CARTESIAN_POINT('Ctrl Pts',(7.30294871448883,7.0988320687074,0.));
#1763=CARTESIAN_POINT('Ctrl Pts',(7.29385634636668,7.09049305755655,6.));
#1764=CARTESIAN_POINT('Ctrl Pts',(7.29385634636668,7.09049305755655,0.));
#1765=CARTESIAN_POINT('Ctrl Pts',(7.28932679162903,7.08619053193939,6.));
#1766=CARTESIAN_POINT('Ctrl Pts',(7.28932679162903,7.08619053193939,0.));
#1767=CARTESIAN_POINT('',(9.62252395598646,7.82093553972078,6.));
#1768=CARTESIAN_POINT('Ctrl Pts',(9.62252395598646,7.82093553972078,6.));
#1769=CARTESIAN_POINT('Ctrl Pts',(8.97516876105749,7.77376670652645,6.));
#1770=CARTESIAN_POINT('Ctrl Pts',(8.41721883436147,7.63973197296394,6.));
#1771=CARTESIAN_POINT('Ctrl Pts',(8.0041130179084,7.47969878340247,6.));
#1772=CARTESIAN_POINT('Ctrl Pts',(7.78686568460506,7.39553927199507,6.));
#1773=CARTESIAN_POINT('Ctrl Pts',(7.60986329850974,7.30455920684975,6.));
#1774=CARTESIAN_POINT('Ctrl Pts',(7.48512344797162,7.22757758310281,6.));
#1775=CARTESIAN_POINT('Ctrl Pts',(7.41045259704884,7.18149541027831,6.));
#1776=CARTESIAN_POINT('Ctrl Pts',(7.35449947180015,7.14045346642001,6.));
#1777=CARTESIAN_POINT('Ctrl Pts',(7.32162090859831,7.11390775057381,6.));
#1778=CARTESIAN_POINT('Ctrl Pts',(7.30294871448883,7.0988320687074,6.));
#1779=CARTESIAN_POINT('Ctrl Pts',(7.29385634636668,7.09049305755655,6.));
#1780=CARTESIAN_POINT('Ctrl Pts',(7.28932679162903,7.08619053193939,6.));
#1781=CARTESIAN_POINT('',(9.62252395598646,7.82093553972078,0.));
#1782=CARTESIAN_POINT('',(9.62252395598646,7.82093553972078,6.));
#1783=CARTESIAN_POINT('Ctrl Pts',(7.28932679162903,7.08619053193939,0.));
#1784=CARTESIAN_POINT('Ctrl Pts',(7.29385634636668,7.09049305755655,0.));
#1785=CARTESIAN_POINT('Ctrl Pts',(7.30294871448883,7.0988320687074,0.));
#1786=CARTESIAN_POINT('Ctrl Pts',(7.32162090859831,7.11390775057381,0.));
#1787=CARTESIAN_POINT('Ctrl Pts',(7.35449947180015,7.14045346642001,0.));
#1788=CARTESIAN_POINT('Ctrl Pts',(7.41045259704884,7.18149541027831,0.));
#1789=CARTESIAN_POINT('Ctrl Pts',(7.48512344797162,7.22757758310281,0.));
#1790=CARTESIAN_POINT('Ctrl Pts',(7.60986329850974,7.30455920684975,0.));
#1791=CARTESIAN_POINT('Ctrl Pts',(7.78686568460506,7.39553927199507,0.));
#1792=CARTESIAN_POINT('Ctrl Pts',(8.0041130179084,7.47969878340247,0.));
#1793=CARTESIAN_POINT('Ctrl Pts',(8.41721883436147,7.63973197296394,0.));
#1794=CARTESIAN_POINT('Ctrl Pts',(8.97516876105749,7.77376670652645,0.));
#1795=CARTESIAN_POINT('Ctrl Pts',(9.62252395598646,7.82093553972078,0.));
#1796=CARTESIAN_POINT('Origin',(0.,0.,6.));
#1797=CARTESIAN_POINT('',(10.4116751397556,6.73476211786237,6.));
#1798=CARTESIAN_POINT('Origin',(0.,0.,6.));
#1799=CARTESIAN_POINT('',(10.4116751397556,6.73476211786237,0.));
#1800=CARTESIAN_POINT('',(10.4116751397556,6.73476211786237,6.));
#1801=CARTESIAN_POINT('Origin',(0.,0.,0.));
#1802=CARTESIAN_POINT('Ctrl Pts',(8.99189353727639,4.74280844483575,6.));
#1803=CARTESIAN_POINT('Ctrl Pts',(8.99189353727639,4.74280844483575,0.));
#1804=CARTESIAN_POINT('Ctrl Pts',(8.99719640106517,4.74568436633969,6.));
#1805=CARTESIAN_POINT('Ctrl Pts',(8.99719640106517,4.74568436633969,0.));
#1806=CARTESIAN_POINT('Ctrl Pts',(9.00747895161217,4.75149039181954,6.));
#1807=CARTESIAN_POINT('Ctrl Pts',(9.00747895161217,4.75149039181954,0.));
#1808=CARTESIAN_POINT('Ctrl Pts',(9.02674698849751,4.76399041463034,6.));
#1809=CARTESIAN_POINT('Ctrl Pts',(9.02674698849751,4.76399041463034,0.));
#1810=CARTESIAN_POINT('Ctrl Pts',(9.15959568175199,4.85017520376831,6.));
#1811=CARTESIAN_POINT('Ctrl Pts',(9.15959568175199,4.85017520376831,0.));
#1812=CARTESIAN_POINT('Ctrl Pts',(9.54886359226187,5.19010625780364,6.));
#1813=CARTESIAN_POINT('Ctrl Pts',(9.54886359226187,5.19010625780364,0.));
#1814=CARTESIAN_POINT('Ctrl Pts',(9.89175647639319,5.72293478709126,6.));
#1815=CARTESIAN_POINT('Ctrl Pts',(9.89175647639319,5.72293478709126,0.));
#1816=CARTESIAN_POINT('Ctrl Pts',(10.0752177408696,6.00801913924945,6.));
#1817=CARTESIAN_POINT('Ctrl Pts',(10.0752177408696,6.00801913924945,0.));
#1818=CARTESIAN_POINT('Ctrl Pts',(10.2542030250708,6.34826058556171,6.));
#1819=CARTESIAN_POINT('Ctrl Pts',(10.2542030250708,6.34826058556171,0.));
#1820=CARTESIAN_POINT('Ctrl Pts',(10.4116751397556,6.73476211786237,6.));
#1821=CARTESIAN_POINT('Ctrl Pts',(10.4116751397556,6.73476211786237,0.));
#1822=CARTESIAN_POINT('',(8.99189353727639,4.74280844483575,6.));
#1823=CARTESIAN_POINT('Ctrl Pts',(8.99189353727639,4.74280844483575,6.));
#1824=CARTESIAN_POINT('Ctrl Pts',(8.99719640106517,4.74568436633969,6.));
#1825=CARTESIAN_POINT('Ctrl Pts',(9.00747895161217,4.75149039181954,6.));
#1826=CARTESIAN_POINT('Ctrl Pts',(9.02674698849751,4.76399041463034,6.));
#1827=CARTESIAN_POINT('Ctrl Pts',(9.15959568175199,4.85017520376831,6.));
#1828=CARTESIAN_POINT('Ctrl Pts',(9.54886359226187,5.19010625780364,6.));
#1829=CARTESIAN_POINT('Ctrl Pts',(9.89175647639319,5.72293478709126,6.));
#1830=CARTESIAN_POINT('Ctrl Pts',(10.0752177408696,6.00801913924945,6.));
#1831=CARTESIAN_POINT('Ctrl Pts',(10.2542030250708,6.34826058556171,6.));
#1832=CARTESIAN_POINT('Ctrl Pts',(10.4116751397556,6.73476211786237,6.));
#1833=CARTESIAN_POINT('',(8.99189353727639,4.74280844483575,0.));
#1834=CARTESIAN_POINT('',(8.99189353727639,4.74280844483575,6.));
#1835=CARTESIAN_POINT('Ctrl Pts',(10.4116751397556,6.73476211786237,0.));
#1836=CARTESIAN_POINT('Ctrl Pts',(10.2542030250708,6.34826058556171,0.));
#1837=CARTESIAN_POINT('Ctrl Pts',(10.0752177408696,6.00801913924945,0.));
#1838=CARTESIAN_POINT('Ctrl Pts',(9.89175647639319,5.72293478709126,0.));
#1839=CARTESIAN_POINT('Ctrl Pts',(9.54886359226187,5.19010625780364,0.));
#1840=CARTESIAN_POINT('Ctrl Pts',(9.15959568175199,4.85017520376831,0.));
#1841=CARTESIAN_POINT('Ctrl Pts',(9.02674698849751,4.76399041463034,0.));
#1842=CARTESIAN_POINT('Ctrl Pts',(9.00747895161217,4.75149039181954,0.));
#1843=CARTESIAN_POINT('Ctrl Pts',(8.99719640106517,4.74568436633969,0.));
#1844=CARTESIAN_POINT('Ctrl Pts',(8.99189353727639,4.74280844483575,0.));
#1845=CARTESIAN_POINT('Origin',(6.76555280072348,3.62393712702396,6.));
#1846=CARTESIAN_POINT('',(6.76555280072348,3.62393712702396,6.));
#1847=CARTESIAN_POINT('',(3.33787209487021,1.9013195755282,6.));
#1848=CARTESIAN_POINT('',(6.76555280072348,3.62393712702396,0.));
#1849=CARTESIAN_POINT('',(6.76555280072348,3.62393712702396,6.));
#1850=CARTESIAN_POINT('',(3.33787209487021,1.9013195755282,-5.55111512312578E-16));
#1851=CARTESIAN_POINT('Origin',(0.,0.,6.));
#1852=CARTESIAN_POINT('',(7.60354399062616,1.0448654375626,6.));
#1853=CARTESIAN_POINT('Origin',(0.,0.,6.));
#1854=CARTESIAN_POINT('',(7.60354399062616,1.0448654375626,0.));
#1855=CARTESIAN_POINT('',(7.60354399062616,1.0448654375626,6.));
#1856=CARTESIAN_POINT('Origin',(0.,0.,0.));
#1857=CARTESIAN_POINT('Origin',(10.0623475415894,1.44828977845791,6.));
#1858=CARTESIAN_POINT('',(10.0623475415894,1.44828977845791,6.));
#1859=CARTESIAN_POINT('',(5.04736463167197,0.62546431351089,6.));
#1860=CARTESIAN_POINT('',(10.0623475415894,1.44828977845791,0.));
#1861=CARTESIAN_POINT('',(10.0623475415894,1.44828977845791,6.));
#1862=CARTESIAN_POINT('',(5.04736463167197,0.62546431351089,0.));
#1863=CARTESIAN_POINT('Ctrl Pts',(12.381815978551,0.671292092385282,6.));
#1864=CARTESIAN_POINT('Ctrl Pts',(12.381815978551,0.671292092385282,0.));
#1865=CARTESIAN_POINT('Ctrl Pts',(11.8303694799318,1.01363754130357,6.));
#1866=CARTESIAN_POINT('Ctrl Pts',(11.8303694799318,1.01363754130357,0.));
#1867=CARTESIAN_POINT('Ctrl Pts',(11.3001948675515,1.23315590243999,6.));
#1868=CARTESIAN_POINT('Ctrl Pts',(11.3001948675515,1.23315590243999,0.));
#1869=CARTESIAN_POINT('Ctrl Pts',(10.8719200928595,1.34650383896948,6.));
#1870=CARTESIAN_POINT('Ctrl Pts',(10.8719200928595,1.34650383896948,0.));
#1871=CARTESIAN_POINT('Ctrl Pts',(10.6466955885952,1.40611214261658,6.));
#1872=CARTESIAN_POINT('Ctrl Pts',(10.6466955885952,1.40611214261658,0.));
#1873=CARTESIAN_POINT('Ctrl Pts',(10.4500209096524,1.4365471159333,6.));
#1874=CARTESIAN_POINT('Ctrl Pts',(10.4500209096524,1.4365471159333,0.));
#1875=CARTESIAN_POINT('Ctrl Pts',(10.3038555875509,1.44758791858729,6.));
#1876=CARTESIAN_POINT('Ctrl Pts',(10.3038555875509,1.44758791858729,0.));
#1877=CARTESIAN_POINT('Ctrl Pts',(10.2163591789914,1.4541970825528,6.));
#1878=CARTESIAN_POINT('Ctrl Pts',(10.2163591789914,1.4541970825528,0.));
#1879=CARTESIAN_POINT('Ctrl Pts',(10.1469683006849,1.45388187436675,6.));
#1880=CARTESIAN_POINT('Ctrl Pts',(10.1469683006849,1.45388187436675,0.));
#1881=CARTESIAN_POINT('Ctrl Pts',(10.1047658039571,1.45173147370879,6.));
#1882=CARTESIAN_POINT('Ctrl Pts',(10.1047658039571,1.45173147370879,0.));
#1883=CARTESIAN_POINT('Ctrl Pts',(10.0807984177985,1.45051023120038,6.));
#1884=CARTESIAN_POINT('Ctrl Pts',(10.0807984177985,1.45051023120038,0.));
#1885=CARTESIAN_POINT('Ctrl Pts',(10.0685409895396,1.44910818933788,6.));
#1886=CARTESIAN_POINT('Ctrl Pts',(10.0685409895396,1.44910818933788,0.));
#1887=CARTESIAN_POINT('Ctrl Pts',(10.0623475415894,1.44828977845791,6.));
#1888=CARTESIAN_POINT('Ctrl Pts',(10.0623475415894,1.44828977845791,0.));
#1889=CARTESIAN_POINT('',(12.381815978551,0.671292092385282,6.));
#1890=CARTESIAN_POINT('Ctrl Pts',(12.381815978551,0.671292092385282,6.));
#1891=CARTESIAN_POINT('Ctrl Pts',(11.8303694799318,1.01363754130357,6.));
#1892=CARTESIAN_POINT('Ctrl Pts',(11.3001948675515,1.23315590243999,6.));
#1893=CARTESIAN_POINT('Ctrl Pts',(10.8719200928595,1.34650383896948,6.));
#1894=CARTESIAN_POINT('Ctrl Pts',(10.6466955885952,1.40611214261658,6.));
#1895=CARTESIAN_POINT('Ctrl Pts',(10.4500209096524,1.4365471159333,6.));
#1896=CARTESIAN_POINT('Ctrl Pts',(10.3038555875509,1.44758791858729,6.));
#1897=CARTESIAN_POINT('Ctrl Pts',(10.2163591789914,1.4541970825528,6.));
#1898=CARTESIAN_POINT('Ctrl Pts',(10.1469683006849,1.45388187436675,6.));
#1899=CARTESIAN_POINT('Ctrl Pts',(10.1047658039571,1.45173147370879,6.));
#1900=CARTESIAN_POINT('Ctrl Pts',(10.0807984177985,1.45051023120038,6.));
#1901=CARTESIAN_POINT('Ctrl Pts',(10.0685409895396,1.44910818933788,6.));
#1902=CARTESIAN_POINT('Ctrl Pts',(10.0623475415894,1.44828977845791,6.));
#1903=CARTESIAN_POINT('',(12.381815978551,0.671292092385282,0.));
#1904=CARTESIAN_POINT('',(12.381815978551,0.671292092385282,6.));
#1905=CARTESIAN_POINT('Ctrl Pts',(10.0623475415894,1.44828977845791,0.));
#1906=CARTESIAN_POINT('Ctrl Pts',(10.0685409895396,1.44910818933788,0.));
#1907=CARTESIAN_POINT('Ctrl Pts',(10.0807984177985,1.45051023120038,0.));
#1908=CARTESIAN_POINT('Ctrl Pts',(10.1047658039571,1.45173147370879,0.));
#1909=CARTESIAN_POINT('Ctrl Pts',(10.1469683006849,1.45388187436675,0.));
#1910=CARTESIAN_POINT('Ctrl Pts',(10.2163591789914,1.4541970825528,0.));
#1911=CARTESIAN_POINT('Ctrl Pts',(10.3038555875509,1.44758791858729,0.));
#1912=CARTESIAN_POINT('Ctrl Pts',(10.4500209096524,1.4365471159333,0.));
#1913=CARTESIAN_POINT('Ctrl Pts',(10.6466955885952,1.40611214261658,0.));
#1914=CARTESIAN_POINT('Ctrl Pts',(10.8719200928595,1.34650383896948,0.));
#1915=CARTESIAN_POINT('Ctrl Pts',(11.3001948675515,1.23315590243999,0.));
#1916=CARTESIAN_POINT('Ctrl Pts',(11.8303694799318,1.01363754130357,0.));
#1917=CARTESIAN_POINT('Ctrl Pts',(12.381815978551,0.671292092385282,0.));
#1918=CARTESIAN_POINT('Origin',(0.,0.,6.));
#1919=CARTESIAN_POINT('',(12.3818159785509,-0.671292092385304,6.));
#1920=CARTESIAN_POINT('Origin',(0.,0.,6.));
#1921=CARTESIAN_POINT('',(12.3818159785509,-0.671292092385304,0.));
#1922=CARTESIAN_POINT('',(12.3818159785509,-0.671292092385304,6.));
#1923=CARTESIAN_POINT('Origin',(0.,0.,0.));
#1924=CARTESIAN_POINT('Ctrl Pts',(10.0623475415891,-1.44828977845787,6.));
#1925=CARTESIAN_POINT('Ctrl Pts',(10.0623475415891,-1.44828977845787,0.));
#1926=CARTESIAN_POINT('Ctrl Pts',(10.0683280727937,-1.44908005422115,6.));
#1927=CARTESIAN_POINT('Ctrl Pts',(10.0683280727937,-1.44908005422115,0.));
#1928=CARTESIAN_POINT('Ctrl Pts',(10.0800595272209,-1.45042681251952,6.));
#1929=CARTESIAN_POINT('Ctrl Pts',(10.0800595272209,-1.45042681251952,0.));
#1930=CARTESIAN_POINT('Ctrl Pts',(10.102995025766,-1.4516395495584,6.));
#1931=CARTESIAN_POINT('Ctrl Pts',(10.102995025766,-1.4516395495584,0.));
#1932=CARTESIAN_POINT('Ctrl Pts',(10.261130043336,-1.46000109411229,6.));
#1933=CARTESIAN_POINT('Ctrl Pts',(10.261130043336,-1.46000109411229,0.));
#1934=CARTESIAN_POINT('Ctrl Pts',(10.775860954746,-1.41379701481796,6.));
#1935=CARTESIAN_POINT('Ctrl Pts',(10.775860954746,-1.41379701481796,0.));
#1936=CARTESIAN_POINT('Ctrl Pts',(11.3664559702194,-1.18427699444646,6.));
#1937=CARTESIAN_POINT('Ctrl Pts',(11.3664559702194,-1.18427699444646,0.));
#1938=CARTESIAN_POINT('Ctrl Pts',(11.6824475721914,-1.06147474075031,6.));
#1939=CARTESIAN_POINT('Ctrl Pts',(11.6824475721914,-1.06147474075031,0.));
#1940=CARTESIAN_POINT('Ctrl Pts',(12.0272385391164,-0.891418565186407,6.));
#1941=CARTESIAN_POINT('Ctrl Pts',(12.0272385391164,-0.891418565186407,0.));
#1942=CARTESIAN_POINT('Ctrl Pts',(12.3818159785509,-0.671292092385304,6.));
#1943=CARTESIAN_POINT('Ctrl Pts',(12.3818159785509,-0.671292092385304,0.));
#1944=CARTESIAN_POINT('',(10.0623475415891,-1.44828977845787,6.));
#1945=CARTESIAN_POINT('Ctrl Pts',(10.0623475415891,-1.44828977845787,6.));
#1946=CARTESIAN_POINT('Ctrl Pts',(10.0683280727937,-1.44908005422115,6.));
#1947=CARTESIAN_POINT('Ctrl Pts',(10.0800595272209,-1.45042681251952,6.));
#1948=CARTESIAN_POINT('Ctrl Pts',(10.102995025766,-1.4516395495584,6.));
#1949=CARTESIAN_POINT('Ctrl Pts',(10.261130043336,-1.46000109411229,6.));
#1950=CARTESIAN_POINT('Ctrl Pts',(10.775860954746,-1.41379701481796,6.));
#1951=CARTESIAN_POINT('Ctrl Pts',(11.3664559702194,-1.18427699444646,6.));
#1952=CARTESIAN_POINT('Ctrl Pts',(11.6824475721914,-1.06147474075031,6.));
#1953=CARTESIAN_POINT('Ctrl Pts',(12.0272385391164,-0.891418565186407,6.));
#1954=CARTESIAN_POINT('Ctrl Pts',(12.3818159785509,-0.671292092385304,6.));
#1955=CARTESIAN_POINT('',(10.0623475415891,-1.44828977845787,0.));
#1956=CARTESIAN_POINT('',(10.0623475415891,-1.44828977845787,6.));
#1957=CARTESIAN_POINT('Ctrl Pts',(12.3818159785509,-0.671292092385304,0.));
#1958=CARTESIAN_POINT('Ctrl Pts',(12.0272385391164,-0.891418565186407,0.));
#1959=CARTESIAN_POINT('Ctrl Pts',(11.6824475721914,-1.06147474075031,0.));
#1960=CARTESIAN_POINT('Ctrl Pts',(11.3664559702194,-1.18427699444646,0.));
#1961=CARTESIAN_POINT('Ctrl Pts',(10.775860954746,-1.41379701481796,0.));
#1962=CARTESIAN_POINT('Ctrl Pts',(10.261130043336,-1.46000109411229,0.));
#1963=CARTESIAN_POINT('Ctrl Pts',(10.102995025766,-1.4516395495584,0.));
#1964=CARTESIAN_POINT('Ctrl Pts',(10.0800595272209,-1.45042681251952,0.));
#1965=CARTESIAN_POINT('Ctrl Pts',(10.0683280727937,-1.44908005422115,0.));
#1966=CARTESIAN_POINT('Ctrl Pts',(10.0623475415891,-1.44828977845787,0.));
#1967=CARTESIAN_POINT('Origin',(7.60354399062616,-1.0448654375626,6.));
#1968=CARTESIAN_POINT('',(7.60354399062616,-1.0448654375626,6.));
#1969=CARTESIAN_POINT('',(3.81796285619037,-0.423752143063216,6.));
#1970=CARTESIAN_POINT('',(7.60354399062616,-1.0448654375626,0.));
#1971=CARTESIAN_POINT('',(7.60354399062616,-1.0448654375626,6.));
#1972=CARTESIAN_POINT('',(3.81796285619037,-0.423752143063216,0.));
#1973=CARTESIAN_POINT('Origin',(0.,0.,6.));
#1974=CARTESIAN_POINT('',(6.76555280072348,-3.62393712702396,6.));
#1975=CARTESIAN_POINT('Origin',(0.,0.,6.));
#1976=CARTESIAN_POINT('',(6.76555280072348,-3.62393712702396,0.));
#1977=CARTESIAN_POINT('',(6.76555280072348,-3.62393712702396,6.));
#1978=CARTESIAN_POINT('Origin',(0.,0.,0.));
#1979=CARTESIAN_POINT('Origin',(8.99189353727585,-4.74280844483545,6.));
#1980=CARTESIAN_POINT('',(8.99189353727585,-4.74280844483545,6.));
#1981=CARTESIAN_POINT('',(4.45104246314639,-2.46075523443396,6.));
#1982=CARTESIAN_POINT('',(8.99189353727585,-4.74280844483546,1.11022302462516E-15));
#1983=CARTESIAN_POINT('',(8.99189353727585,-4.74280844483545,6.));
#1984=CARTESIAN_POINT('',(4.45104246314639,-2.46075523443396,-5.55111512312578E-16));
#1985=CARTESIAN_POINT('Ctrl Pts',(10.4116751397557,-6.73476211786246,6.));
#1986=CARTESIAN_POINT('Ctrl Pts',(10.4116751397557,-6.73476211786246,0.));
#1987=CARTESIAN_POINT('Ctrl Pts',(10.1667711569465,-6.13366671242096,6.));
#1988=CARTESIAN_POINT('Ctrl Pts',(10.1667711569465,-6.13366671242096,0.));
#1989=CARTESIAN_POINT('Ctrl Pts',(9.86688054082943,-5.64444380939015,6.));
#1990=CARTESIAN_POINT('Ctrl Pts',(9.86688054082943,-5.64444380939015,1.11022302462516E-15));
#1991=CARTESIAN_POINT('Ctrl Pts',(9.58702321531127,-5.30100980596764,6.));
#1992=CARTESIAN_POINT('Ctrl Pts',(9.58702321531127,-5.30100980596764,1.11022302462516E-15));
#1993=CARTESIAN_POINT('Ctrl Pts',(9.43984964559912,-5.12040203323708,6.));
#1994=CARTESIAN_POINT('Ctrl Pts',(9.43984964559912,-5.12040203323708,1.11022302462516E-15));
#1995=CARTESIAN_POINT('Ctrl Pts',(9.29862571646341,-4.98017714684181,6.));
#1996=CARTESIAN_POINT('Ctrl Pts',(9.29862571646341,-4.98017714684181,1.11022302462516E-15));
#1997=CARTESIAN_POINT('Ctrl Pts',(9.18686510785618,-4.88533112912474,6.));
#1998=CARTESIAN_POINT('Ctrl Pts',(9.18686510785618,-4.88533112912474,1.11022302462516E-15));
#1999=CARTESIAN_POINT('Ctrl Pts',(9.11996379576007,-4.82855510480431,6.));
#2000=CARTESIAN_POINT('Ctrl Pts',(9.11996379576007,-4.82855510480431,1.11022302462516E-15));
#2001=CARTESIAN_POINT('Ctrl Pts',(9.06364012141306,-4.78802317876391,6.));
#2002=CARTESIAN_POINT('Ctrl Pts',(9.06364012141306,-4.78802317876391,1.11022302462516E-15));
#2003=CARTESIAN_POINT('Ctrl Pts',(9.02823361054019,-4.7649568842129,6.));
#2004=CARTESIAN_POINT('Ctrl Pts',(9.02823361054019,-4.7649568842129,1.11022302462516E-15));
#2005=CARTESIAN_POINT('Ctrl Pts',(9.00812575925602,-4.7518572138677,6.));
#2006=CARTESIAN_POINT('Ctrl Pts',(9.00812575925602,-4.7518572138677,1.11022302462516E-15));
#2007=CARTESIAN_POINT('Ctrl Pts',(8.9973851918269,-4.74578675392368,6.));
#2008=CARTESIAN_POINT('Ctrl Pts',(8.9973851918269,-4.74578675392368,1.11022302462516E-15));
#2009=CARTESIAN_POINT('Ctrl Pts',(8.99189353727585,-4.74280844483545,6.));
#2010=CARTESIAN_POINT('Ctrl Pts',(8.99189353727585,-4.74280844483545,1.11022302462516E-15));
#2011=CARTESIAN_POINT('',(10.4116751397557,-6.73476211786246,6.));
#2012=CARTESIAN_POINT('Ctrl Pts',(10.4116751397557,-6.73476211786246,6.));
#2013=CARTESIAN_POINT('Ctrl Pts',(10.1667711569465,-6.13366671242096,6.));
#2014=CARTESIAN_POINT('Ctrl Pts',(9.86688054082943,-5.64444380939015,6.));
#2015=CARTESIAN_POINT('Ctrl Pts',(9.58702321531127,-5.30100980596764,6.));
#2016=CARTESIAN_POINT('Ctrl Pts',(9.43984964559912,-5.12040203323708,6.));
#2017=CARTESIAN_POINT('Ctrl Pts',(9.29862571646341,-4.98017714684181,6.));
#2018=CARTESIAN_POINT('Ctrl Pts',(9.18686510785618,-4.88533112912474,6.));
#2019=CARTESIAN_POINT('Ctrl Pts',(9.11996379576007,-4.82855510480431,6.));
#2020=CARTESIAN_POINT('Ctrl Pts',(9.06364012141306,-4.78802317876391,6.));
#2021=CARTESIAN_POINT('Ctrl Pts',(9.02823361054019,-4.7649568842129,6.));
#2022=CARTESIAN_POINT('Ctrl Pts',(9.00812575925602,-4.7518572138677,6.));
#2023=CARTESIAN_POINT('Ctrl Pts',(8.9973851918269,-4.74578675392368,6.));
#2024=CARTESIAN_POINT('Ctrl Pts',(8.99189353727585,-4.74280844483545,6.));
#2025=CARTESIAN_POINT('',(10.4116751397557,-6.73476211786246,1.11022302462516E-15));
#2026=CARTESIAN_POINT('',(10.4116751397557,-6.73476211786246,6.));
#2027=CARTESIAN_POINT('Ctrl Pts',(8.99189353727585,-4.74280844483545,1.11022302462516E-15));
#2028=CARTESIAN_POINT('Ctrl Pts',(8.9973851918269,-4.74578675392368,1.11022302462516E-15));
#2029=CARTESIAN_POINT('Ctrl Pts',(9.00812575925602,-4.7518572138677,1.11022302462516E-15));
#2030=CARTESIAN_POINT('Ctrl Pts',(9.02823361054019,-4.7649568842129,1.11022302462516E-15));
#2031=CARTESIAN_POINT('Ctrl Pts',(9.06364012141306,-4.78802317876391,1.11022302462516E-15));
#2032=CARTESIAN_POINT('Ctrl Pts',(9.11996379576007,-4.82855510480431,1.11022302462516E-15));
#2033=CARTESIAN_POINT('Ctrl Pts',(9.18686510785618,-4.88533112912474,1.11022302462516E-15));
#2034=CARTESIAN_POINT('Ctrl Pts',(9.29862571646341,-4.98017714684181,1.11022302462516E-15));
#2035=CARTESIAN_POINT('Ctrl Pts',(9.43984964559912,-5.12040203323708,1.11022302462516E-15));
#2036=CARTESIAN_POINT('Ctrl Pts',(9.58702321531127,-5.30100980596764,1.11022302462516E-15));
#2037=CARTESIAN_POINT('Ctrl Pts',(9.86688054082943,-5.64444380939015,1.11022302462516E-15));
#2038=CARTESIAN_POINT('Ctrl Pts',(10.1667711569465,-6.13366671242096,0.));
#2039=CARTESIAN_POINT('Ctrl Pts',(10.4116751397557,-6.73476211786246,0.));
#2040=CARTESIAN_POINT('Origin',(0.,0.,6.));
#2041=CARTESIAN_POINT('',(9.62252395598633,-7.82093553972077,6.));
#2042=CARTESIAN_POINT('Origin',(0.,0.,6.));
#2043=CARTESIAN_POINT('',(9.62252395598633,-7.82093553972077,1.11022302462516E-15));
#2044=CARTESIAN_POINT('',(9.62252395598633,-7.82093553972077,6.));
#2045=CARTESIAN_POINT('Origin',(0.,0.,0.));
#2046=CARTESIAN_POINT('Ctrl Pts',(7.28932679162856,-7.08619053193895,6.));
#2047=CARTESIAN_POINT('Ctrl Pts',(7.28932679162856,-7.08619053193895,1.11022302462516E-15));
#2048=CARTESIAN_POINT('Ctrl Pts',(7.29370063059336,-7.09034514652715,6.));
#2049=CARTESIAN_POINT('Ctrl Pts',(7.29370063059336,-7.09034514652715,1.11022302462516E-15));
#2050=CARTESIAN_POINT('Ctrl Pts',(7.3023999719861,-7.09833027283195,6.));
#2051=CARTESIAN_POINT('Ctrl Pts',(7.3023999719861,-7.09833027283195,1.11022302462516E-15));
#2052=CARTESIAN_POINT('Ctrl Pts',(7.32024235128611,-7.11279254561607,6.));
#2053=CARTESIAN_POINT('Ctrl Pts',(7.32024235128611,-7.11279254561607,1.11022302462516E-15));
#2054=CARTESIAN_POINT('Ctrl Pts',(7.44326146797108,-7.21250660242676,6.));
#2055=CARTESIAN_POINT('Ctrl Pts',(7.44326146797108,-7.21250660242676,1.11022302462516E-15));
#2056=CARTESIAN_POINT('Ctrl Pts',(7.88684555193772,-7.47767793209954,6.));
#2057=CARTESIAN_POINT('Ctrl Pts',(7.88684555193772,-7.47767793209954,1.11022302462516E-15));
#2058=CARTESIAN_POINT('Ctrl Pts',(8.4995553774416,-7.63913537403041,6.));
#2059=CARTESIAN_POINT('Ctrl Pts',(8.4995553774416,-7.63913537403041,1.11022302462516E-15));
#2060=CARTESIAN_POINT('Ctrl Pts',(8.82737933379653,-7.725521482419,6.));
#2061=CARTESIAN_POINT('Ctrl Pts',(8.82737933379653,-7.725521482419,1.11022302462516E-15));
#2062=CARTESIAN_POINT('Ctrl Pts',(9.20627763806715,-7.79060620384533,6.));
#2063=CARTESIAN_POINT('Ctrl Pts',(9.20627763806715,-7.79060620384533,0.));
#2064=CARTESIAN_POINT('Ctrl Pts',(9.62252395598633,-7.82093553972077,6.));
#2065=CARTESIAN_POINT('Ctrl Pts',(9.62252395598633,-7.82093553972077,0.));
#2066=CARTESIAN_POINT('',(7.28932679162856,-7.08619053193895,6.));
#2067=CARTESIAN_POINT('Ctrl Pts',(7.28932679162856,-7.08619053193895,6.));
#2068=CARTESIAN_POINT('Ctrl Pts',(7.29370063059336,-7.09034514652715,6.));
#2069=CARTESIAN_POINT('Ctrl Pts',(7.3023999719861,-7.09833027283195,6.));
#2070=CARTESIAN_POINT('Ctrl Pts',(7.32024235128611,-7.11279254561607,6.));
#2071=CARTESIAN_POINT('Ctrl Pts',(7.44326146797108,-7.21250660242676,6.));
#2072=CARTESIAN_POINT('Ctrl Pts',(7.88684555193772,-7.47767793209954,6.));
#2073=CARTESIAN_POINT('Ctrl Pts',(8.4995553774416,-7.63913537403041,6.));
#2074=CARTESIAN_POINT('Ctrl Pts',(8.82737933379653,-7.725521482419,6.));
#2075=CARTESIAN_POINT('Ctrl Pts',(9.20627763806715,-7.79060620384533,6.));
#2076=CARTESIAN_POINT('Ctrl Pts',(9.62252395598633,-7.82093553972077,6.));
#2077=CARTESIAN_POINT('',(7.28932679162856,-7.08619053193895,1.11022302462516E-15));
#2078=CARTESIAN_POINT('',(7.28932679162856,-7.08619053193895,6.));
#2079=CARTESIAN_POINT('Ctrl Pts',(9.62252395598633,-7.82093553972077,0.));
#2080=CARTESIAN_POINT('Ctrl Pts',(9.20627763806715,-7.79060620384533,0.));
#2081=CARTESIAN_POINT('Ctrl Pts',(8.82737933379653,-7.725521482419,1.11022302462516E-15));
#2082=CARTESIAN_POINT('Ctrl Pts',(8.4995553774416,-7.63913537403041,1.11022302462516E-15));
#2083=CARTESIAN_POINT('Ctrl Pts',(7.88684555193772,-7.47767793209954,1.11022302462516E-15));
#2084=CARTESIAN_POINT('Ctrl Pts',(7.44326146797108,-7.21250660242676,1.11022302462516E-15));
#2085=CARTESIAN_POINT('Ctrl Pts',(7.32024235128611,-7.11279254561607,1.11022302462516E-15));
#2086=CARTESIAN_POINT('Ctrl Pts',(7.3023999719861,-7.09833027283195,1.11022302462516E-15));
#2087=CARTESIAN_POINT('Ctrl Pts',(7.29370063059336,-7.09034514652715,1.11022302462516E-15));
#2088=CARTESIAN_POINT('Ctrl Pts',(7.28932679162856,-7.08619053193895,1.11022302462516E-15));
#2089=CARTESIAN_POINT('Origin',(5.53723981106465,-5.31456491867027,6.));
#2090=CARTESIAN_POINT('',(5.53723981106465,-5.31456491867027,6.));
#2091=CARTESIAN_POINT('',(2.83972157423043,-2.5869649458101,6.));
#2092=CARTESIAN_POINT('',(5.53723981106465,-5.31456491867027,0.));
#2093=CARTESIAN_POINT('',(5.53723981106465,-5.31456491867027,6.));
#2094=CARTESIAN_POINT('',(2.83972157423043,-2.5869649458101,0.));
#2095=CARTESIAN_POINT('Origin',(0.,0.,6.));
#2096=CARTESIAN_POINT('',(3.34335039362648,-6.90851888218,6.));
#2097=CARTESIAN_POINT('Origin',(0.,0.,6.));
#2098=CARTESIAN_POINT('',(3.34335039362648,-6.90851888218,0.));
#2099=CARTESIAN_POINT('',(3.34335039362648,-6.90851888218,6.));
#2100=CARTESIAN_POINT('Origin',(0.,0.,0.));
#2101=CARTESIAN_POINT('Origin',(4.48684182494426,-9.12231504433231,6.));
#2102=CARTESIAN_POINT('',(4.48684182494426,-9.12231504433231,6.));
#2103=CARTESIAN_POINT('',(2.15457335906836,-4.60704992081951,6.));
#2104=CARTESIAN_POINT('',(4.48684182494426,-9.12231504433231,0.));
#2105=CARTESIAN_POINT('',(4.48684182494426,-9.12231504433231,6.));
#2106=CARTESIAN_POINT('',(2.15457335906836,-4.60704992081951,0.));
#2107=CARTESIAN_POINT('Ctrl Pts',(4.46462827739593,-11.5683661052319,6.));
#2108=CARTESIAN_POINT('Ctrl Pts',(4.46462827739593,-11.5683661052319,0.));
#2109=CARTESIAN_POINT('Ctrl Pts',(4.61981180785143,-10.9381187576708,6.));
#2110=CARTESIAN_POINT('Ctrl Pts',(4.61981180785143,-10.9381187576708,0.));
#2111=CARTESIAN_POINT('Ctrl Pts',(4.66475321044542,-10.3660578336224,6.));
#2112=CARTESIAN_POINT('Ctrl Pts',(4.66475321044542,-10.3660578336224,0.));
#2113=CARTESIAN_POINT('Ctrl Pts',(4.6402093204484,-9.9237178797216,6.));
#2114=CARTESIAN_POINT('Ctrl Pts',(4.6402093204484,-9.9237178797216,0.));
#2115=CARTESIAN_POINT('Ctrl Pts',(4.62730198668962,-9.69109666847347,6.));
#2116=CARTESIAN_POINT('Ctrl Pts',(4.62730198668962,-9.69109666847347,0.));
#2117=CARTESIAN_POINT('Ctrl Pts',(4.59547154823065,-9.49464300950663,6.));
#2118=CARTESIAN_POINT('Ctrl Pts',(4.59547154823065,-9.49464300950663,0.));
#2119=CARTESIAN_POINT('Ctrl Pts',(4.56080440702105,-9.35221973180915,6.));
#2120=CARTESIAN_POINT('Ctrl Pts',(4.56080440702105,-9.35221973180915,0.));
#2121=CARTESIAN_POINT('Ctrl Pts',(4.5400522182436,-9.26696335813791,6.));
#2122=CARTESIAN_POINT('Ctrl Pts',(4.5400522182436,-9.26696335813791,0.));
#2123=CARTESIAN_POINT('Ctrl Pts',(4.51830947674255,-9.20106611573791,6.));
#2124=CARTESIAN_POINT('Ctrl Pts',(4.51830947674255,-9.20106611573791,0.));
#2125=CARTESIAN_POINT('Ctrl Pts',(4.50322303549071,-9.16159366660315,6.));
#2126=CARTESIAN_POINT('Ctrl Pts',(4.50322303549071,-9.16159366660315,0.));
#2127=CARTESIAN_POINT('Ctrl Pts',(4.4946552352592,-9.13917671265162,6.));
#2128=CARTESIAN_POINT('Ctrl Pts',(4.4946552352592,-9.13917671265162,0.));
#2129=CARTESIAN_POINT('Ctrl Pts',(4.48953406059344,-9.12795246044798,6.));
#2130=CARTESIAN_POINT('Ctrl Pts',(4.48953406059344,-9.12795246044798,0.));
#2131=CARTESIAN_POINT('Ctrl Pts',(4.48684182494426,-9.12231504433231,6.));
#2132=CARTESIAN_POINT('Ctrl Pts',(4.48684182494426,-9.12231504433231,0.));
#2133=CARTESIAN_POINT('',(4.46462827739593,-11.5683661052319,6.));
#2134=CARTESIAN_POINT('Ctrl Pts',(4.46462827739593,-11.5683661052319,6.));
#2135=CARTESIAN_POINT('Ctrl Pts',(4.61981180785143,-10.9381187576708,6.));
#2136=CARTESIAN_POINT('Ctrl Pts',(4.66475321044542,-10.3660578336224,6.));
#2137=CARTESIAN_POINT('Ctrl Pts',(4.6402093204484,-9.9237178797216,6.));
#2138=CARTESIAN_POINT('Ctrl Pts',(4.62730198668962,-9.69109666847347,6.));
#2139=CARTESIAN_POINT('Ctrl Pts',(4.59547154823065,-9.49464300950663,6.));
#2140=CARTESIAN_POINT('Ctrl Pts',(4.56080440702105,-9.35221973180915,6.));
#2141=CARTESIAN_POINT('Ctrl Pts',(4.5400522182436,-9.26696335813791,6.));
#2142=CARTESIAN_POINT('Ctrl Pts',(4.51830947674255,-9.20106611573791,6.));
#2143=CARTESIAN_POINT('Ctrl Pts',(4.50322303549071,-9.16159366660315,6.));
#2144=CARTESIAN_POINT('Ctrl Pts',(4.4946552352592,-9.13917671265162,6.));
#2145=CARTESIAN_POINT('Ctrl Pts',(4.48953406059344,-9.12795246044798,6.));
#2146=CARTESIAN_POINT('Ctrl Pts',(4.48684182494426,-9.12231504433231,6.));
#2147=CARTESIAN_POINT('',(4.46462827739593,-11.5683661052319,0.));
#2148=CARTESIAN_POINT('',(4.46462827739593,-11.5683661052319,6.));
#2149=CARTESIAN_POINT('Ctrl Pts',(4.48684182494426,-9.12231504433231,0.));
#2150=CARTESIAN_POINT('Ctrl Pts',(4.48953406059344,-9.12795246044798,0.));
#2151=CARTESIAN_POINT('Ctrl Pts',(4.4946552352592,-9.13917671265162,0.));
#2152=CARTESIAN_POINT('Ctrl Pts',(4.50322303549071,-9.16159366660315,0.));
#2153=CARTESIAN_POINT('Ctrl Pts',(4.51830947674255,-9.20106611573791,0.));
#2154=CARTESIAN_POINT('Ctrl Pts',(4.5400522182436,-9.26696335813791,0.));
#2155=CARTESIAN_POINT('Ctrl Pts',(4.56080440702105,-9.35221973180915,0.));
#2156=CARTESIAN_POINT('Ctrl Pts',(4.59547154823065,-9.49464300950663,0.));
#2157=CARTESIAN_POINT('Ctrl Pts',(4.62730198668962,-9.69109666847347,0.));
#2158=CARTESIAN_POINT('Ctrl Pts',(4.6402093204484,-9.9237178797216,0.));
#2159=CARTESIAN_POINT('Ctrl Pts',(4.66475321044542,-10.3660578336224,0.));
#2160=CARTESIAN_POINT('Ctrl Pts',(4.61981180785143,-10.9381187576708,0.));
#2161=CARTESIAN_POINT('Ctrl Pts',(4.46462827739593,-11.5683661052319,0.));
#2162=CARTESIAN_POINT('Origin',(0.,0.,6.));
#2163=CARTESIAN_POINT('',(3.18775483979499,-11.9832474347048,6.));
#2164=CARTESIAN_POINT('Origin',(0.,0.,6.));
#2165=CARTESIAN_POINT('',(3.18775483979499,-11.9832474347048,0.));
#2166=CARTESIAN_POINT('',(3.18775483979499,-11.9832474347048,6.));
#2167=CARTESIAN_POINT('Origin',(0.,0.,0.));
#2168=CARTESIAN_POINT('Ctrl Pts',(1.7320309623718,-10.0174073529769,6.));
#2169=CARTESIAN_POINT('Ctrl Pts',(1.7320309623718,-10.0174073529769,0.));
#2170=CARTESIAN_POINT('Ctrl Pts',(1.73312745124161,-10.0233393848264,6.));
#2171=CARTESIAN_POINT('Ctrl Pts',(1.73312745124161,-10.0233393848264,0.));
#2172=CARTESIAN_POINT('Ctrl Pts',(1.73547182679386,-10.034912832305,6.));
#2173=CARTESIAN_POINT('Ctrl Pts',(1.73547182679386,-10.034912832305,0.));
#2174=CARTESIAN_POINT('Ctrl Pts',(1.74140590420891,-10.0571005441753,6.));
#2175=CARTESIAN_POINT('Ctrl Pts',(1.74140590420891,-10.0571005441753,0.));
#2176=CARTESIAN_POINT('Ctrl Pts',(1.78232001253556,-10.2100797494475,6.));
#2177=CARTESIAN_POINT('Ctrl Pts',(1.78232001253556,-10.2100797494475,0.));
#2178=CARTESIAN_POINT('Ctrl Pts',(1.98532331908317,-10.6853401225768,6.));
#2179=CARTESIAN_POINT('Ctrl Pts',(1.98532331908317,-10.6853401225768,0.));
#2180=CARTESIAN_POINT('Ctrl Pts',(2.38611376001852,-11.1761037987531,6.));
#2181=CARTESIAN_POINT('Ctrl Pts',(2.38611376001852,-11.1761037987531,0.));
#2182=CARTESIAN_POINT('Ctrl Pts',(2.6005524100503,-11.4386816685203,6.));
#2183=CARTESIAN_POINT('Ctrl Pts',(2.6005524100503,-11.4386816685203,0.));
#2184=CARTESIAN_POINT('Ctrl Pts',(2.86883169464799,-11.7140470932072,6.));
#2185=CARTESIAN_POINT('Ctrl Pts',(2.86883169464799,-11.7140470932072,0.));
#2186=CARTESIAN_POINT('Ctrl Pts',(3.18775483979499,-11.9832474347048,6.));
#2187=CARTESIAN_POINT('Ctrl Pts',(3.18775483979499,-11.9832474347048,0.));
#2188=CARTESIAN_POINT('',(1.7320309623718,-10.0174073529769,6.));
#2189=CARTESIAN_POINT('Ctrl Pts',(1.7320309623718,-10.0174073529769,6.));
#2190=CARTESIAN_POINT('Ctrl Pts',(1.73312745124161,-10.0233393848264,6.));
#2191=CARTESIAN_POINT('Ctrl Pts',(1.73547182679386,-10.034912832305,6.));
#2192=CARTESIAN_POINT('Ctrl Pts',(1.74140590420891,-10.0571005441753,6.));
#2193=CARTESIAN_POINT('Ctrl Pts',(1.78232001253556,-10.2100797494475,6.));
#2194=CARTESIAN_POINT('Ctrl Pts',(1.98532331908317,-10.6853401225768,6.));
#2195=CARTESIAN_POINT('Ctrl Pts',(2.38611376001852,-11.1761037987531,6.));
#2196=CARTESIAN_POINT('Ctrl Pts',(2.6005524100503,-11.4386816685203,6.));
#2197=CARTESIAN_POINT('Ctrl Pts',(2.86883169464799,-11.7140470932072,6.));
#2198=CARTESIAN_POINT('Ctrl Pts',(3.18775483979499,-11.9832474347048,6.));
#2199=CARTESIAN_POINT('',(1.7320309623718,-10.0174073529769,0.));
#2200=CARTESIAN_POINT('',(1.7320309623718,-10.0174073529769,6.));
#2201=CARTESIAN_POINT('Ctrl Pts',(3.18775483979499,-11.9832474347048,0.));
#2202=CARTESIAN_POINT('Ctrl Pts',(2.86883169464799,-11.7140470932072,0.));
#2203=CARTESIAN_POINT('Ctrl Pts',(2.6005524100503,-11.4386816685203,0.));
#2204=CARTESIAN_POINT('Ctrl Pts',(2.38611376001852,-11.1761037987531,0.));
#2205=CARTESIAN_POINT('Ctrl Pts',(1.98532331908317,-10.6853401225768,0.));
#2206=CARTESIAN_POINT('Ctrl Pts',(1.78232001253556,-10.2100797494475,0.));
#2207=CARTESIAN_POINT('Ctrl Pts',(1.74140590420891,-10.0571005441753,0.));
#2208=CARTESIAN_POINT('Ctrl Pts',(1.73547182679386,-10.034912832305,0.));
#2209=CARTESIAN_POINT('Ctrl Pts',(1.73312745124161,-10.0233393848264,0.));
#2210=CARTESIAN_POINT('Ctrl Pts',(1.7320309623718,-10.0174073529769,0.));
#2211=CARTESIAN_POINT('Origin',(1.35589822753549,-7.55428123626372,6.));
#2212=CARTESIAN_POINT('',(1.35589822753549,-7.55428123626372,6.));
#2213=CARTESIAN_POINT('',(0.776803169500825,-3.76204506696205,6.));
#2214=CARTESIAN_POINT('',(1.35589822753549,-7.55428123626372,0.));
#2215=CARTESIAN_POINT('',(1.35589822753549,-7.55428123626372,6.));
#2216=CARTESIAN_POINT('',(0.776803169500825,-3.76204506696205,0.));
#2217=CARTESIAN_POINT('Origin',(0.,0.,6.));
#2218=CARTESIAN_POINT('',(-1.3558982275355,-7.55428123626372,6.));
#2219=CARTESIAN_POINT('Origin',(0.,0.,6.));
#2220=CARTESIAN_POINT('',(-1.3558982275355,-7.55428123626372,0.));
#2221=CARTESIAN_POINT('',(-1.3558982275355,-7.55428123626372,6.));
#2222=CARTESIAN_POINT('Origin',(0.,0.,0.));
#2223=CARTESIAN_POINT('Origin',(-1.73203096237189,-10.0174073529773,6.));
#2224=CARTESIAN_POINT('',(-1.73203096237189,-10.0174073529773,6.));
#2225=CARTESIAN_POINT('',(-0.964869536919046,-4.99360812531885,6.));
#2226=CARTESIAN_POINT('',(-1.73203096237189,-10.0174073529773,0.));
#2227=CARTESIAN_POINT('',(-1.73203096237189,-10.0174073529773,6.));
#2228=CARTESIAN_POINT('',(-0.964869536919046,-4.99360812531885,-5.55111512312578E-16));
#2229=CARTESIAN_POINT('Ctrl Pts',(-3.18775483979514,-11.983247434705,6.));
#2230=CARTESIAN_POINT('Ctrl Pts',(-3.18775483979514,-11.983247434705,0.));
#2231=CARTESIAN_POINT('Ctrl Pts',(-2.69175863021407,-11.5645812104662,6.));
#2232=CARTESIAN_POINT('Ctrl Pts',(-2.69175863021407,-11.5645812104662,0.));
#2233=CARTESIAN_POINT('Ctrl Pts',(-2.31915129719525,-11.1281900947528,6.));
#2234=CARTESIAN_POINT('Ctrl Pts',(-2.31915129719525,-11.1281900947528,0.));
#2235=CARTESIAN_POINT('Ctrl Pts',(-2.07900681991173,-10.755903018187,6.));
#2236=CARTESIAN_POINT('Ctrl Pts',(-2.07900681991173,-10.755903018187,0.));
#2237=CARTESIAN_POINT('Ctrl Pts',(-1.95271775492971,-10.5601217646008,6.));
#2238=CARTESIAN_POINT('Ctrl Pts',(-1.95271775492971,-10.5601217646008,0.));
#2239=CARTESIAN_POINT('Ctrl Pts',(-1.86299655708166,-10.3824779535866,6.));
#2240=CARTESIAN_POINT('Ctrl Pts',(-1.86299655708166,-10.3824779535866,0.));
#2241=CARTESIAN_POINT('Ctrl Pts',(-1.80732856125592,-10.2468782671999,6.));
#2242=CARTESIAN_POINT('Ctrl Pts',(-1.80732856125592,-10.2468782671999,0.));
#2243=CARTESIAN_POINT('Ctrl Pts',(-1.77400499560432,-10.165706581663,6.));
#2244=CARTESIAN_POINT('Ctrl Pts',(-1.77400499560432,-10.165706581663,0.));
#2245=CARTESIAN_POINT('Ctrl Pts',(-1.75286181575006,-10.0996145299818,6.));
#2246=CARTESIAN_POINT('Ctrl Pts',(-1.75286181575006,-10.0996145299818,0.));
#2247=CARTESIAN_POINT('Ctrl Pts',(-1.74186567961622,-10.0588130601206,6.));
#2248=CARTESIAN_POINT('Ctrl Pts',(-1.74186567961622,-10.0588130601206,0.));
#2249=CARTESIAN_POINT('Ctrl Pts',(-1.73562082063025,-10.0356413366532,6.));
#2250=CARTESIAN_POINT('Ctrl Pts',(-1.73562082063025,-10.0356413366532,0.));
#2251=CARTESIAN_POINT('Ctrl Pts',(-1.73316648804045,-10.0235505748717,6.));
#2252=CARTESIAN_POINT('Ctrl Pts',(-1.73316648804045,-10.0235505748717,0.));
#2253=CARTESIAN_POINT('Ctrl Pts',(-1.73203096237189,-10.0174073529773,6.));
#2254=CARTESIAN_POINT('Ctrl Pts',(-1.73203096237189,-10.0174073529773,0.));
#2255=CARTESIAN_POINT('',(-3.18775483979514,-11.983247434705,6.));
#2256=CARTESIAN_POINT('Ctrl Pts',(-3.18775483979514,-11.983247434705,6.));
#2257=CARTESIAN_POINT('Ctrl Pts',(-2.69175863021407,-11.5645812104662,6.));
#2258=CARTESIAN_POINT('Ctrl Pts',(-2.31915129719525,-11.1281900947528,6.));
#2259=CARTESIAN_POINT('Ctrl Pts',(-2.07900681991173,-10.755903018187,6.));
#2260=CARTESIAN_POINT('Ctrl Pts',(-1.95271775492971,-10.5601217646008,6.));
#2261=CARTESIAN_POINT('Ctrl Pts',(-1.86299655708166,-10.3824779535866,6.));
#2262=CARTESIAN_POINT('Ctrl Pts',(-1.80732856125592,-10.2468782671999,6.));
#2263=CARTESIAN_POINT('Ctrl Pts',(-1.77400499560432,-10.165706581663,6.));
#2264=CARTESIAN_POINT('Ctrl Pts',(-1.75286181575006,-10.0996145299818,6.));
#2265=CARTESIAN_POINT('Ctrl Pts',(-1.74186567961622,-10.0588130601206,6.));
#2266=CARTESIAN_POINT('Ctrl Pts',(-1.73562082063025,-10.0356413366532,6.));
#2267=CARTESIAN_POINT('Ctrl Pts',(-1.73316648804045,-10.0235505748717,6.));
#2268=CARTESIAN_POINT('Ctrl Pts',(-1.73203096237189,-10.0174073529773,6.));
#2269=CARTESIAN_POINT('',(-3.18775483979514,-11.983247434705,0.));
#2270=CARTESIAN_POINT('',(-3.18775483979514,-11.983247434705,6.));
#2271=CARTESIAN_POINT('Ctrl Pts',(-1.73203096237189,-10.0174073529773,0.));
#2272=CARTESIAN_POINT('Ctrl Pts',(-1.73316648804045,-10.0235505748717,0.));
#2273=CARTESIAN_POINT('Ctrl Pts',(-1.73562082063025,-10.0356413366532,0.));
#2274=CARTESIAN_POINT('Ctrl Pts',(-1.74186567961622,-10.0588130601206,0.));
#2275=CARTESIAN_POINT('Ctrl Pts',(-1.75286181575006,-10.0996145299818,0.));
#2276=CARTESIAN_POINT('Ctrl Pts',(-1.77400499560432,-10.165706581663,0.));
#2277=CARTESIAN_POINT('Ctrl Pts',(-1.80732856125592,-10.2468782671999,0.));
#2278=CARTESIAN_POINT('Ctrl Pts',(-1.86299655708166,-10.3824779535866,0.));
#2279=CARTESIAN_POINT('Ctrl Pts',(-1.95271775492971,-10.5601217646008,0.));
#2280=CARTESIAN_POINT('Ctrl Pts',(-2.07900681991173,-10.755903018187,0.));
#2281=CARTESIAN_POINT('Ctrl Pts',(-2.31915129719525,-11.1281900947528,0.));
#2282=CARTESIAN_POINT('Ctrl Pts',(-2.69175863021407,-11.5645812104662,0.));
#2283=CARTESIAN_POINT('Ctrl Pts',(-3.18775483979514,-11.983247434705,0.));
#2284=CARTESIAN_POINT('Origin',(0.,0.,6.));
#2285=CARTESIAN_POINT('',(-4.46462827739594,-11.5683661052319,6.));
#2286=CARTESIAN_POINT('Origin',(0.,0.,6.));
#2287=CARTESIAN_POINT('',(-4.46462827739594,-11.5683661052319,0.));
#2288=CARTESIAN_POINT('',(-4.46462827739594,-11.5683661052319,6.));
#2289=CARTESIAN_POINT('Origin',(0.,0.,0.));
#2290=CARTESIAN_POINT('Ctrl Pts',(-4.48684182494357,-9.12231504433086,6.));
#2291=CARTESIAN_POINT('Ctrl Pts',(-4.48684182494357,-9.12231504433086,0.));
#2292=CARTESIAN_POINT('Ctrl Pts',(-4.489441507639,-9.12775865886994,6.));
#2293=CARTESIAN_POINT('Ctrl Pts',(-4.489441507639,-9.12775865886994,0.));
#2294=CARTESIAN_POINT('Ctrl Pts',(-4.49434756967001,-9.13849976382179,6.));
#2295=CARTESIAN_POINT('Ctrl Pts',(-4.49434756967001,-9.13849976382179,0.));
#2296=CARTESIAN_POINT('Ctrl Pts',(-4.50258840995428,-9.15993796280008,6.));
#2297=CARTESIAN_POINT('Ctrl Pts',(-4.50258840995428,-9.15993796280008,0.));
#2298=CARTESIAN_POINT('Ctrl Pts',(-4.55940711806709,-9.30774943932345,6.));
#2299=CARTESIAN_POINT('Ctrl Pts',(-4.55940711806709,-9.30774943932345,0.));
#2300=CARTESIAN_POINT('Ctrl Pts',(-4.67452502412409,-9.81156545580367,6.));
#2301=CARTESIAN_POINT('Ctrl Pts',(-4.67452502412409,-9.81156545580367,0.));
#2302=CARTESIAN_POINT('Ctrl Pts',(-4.63874241545829,-10.4441802618014,6.));
#2303=CARTESIAN_POINT('Ctrl Pts',(-4.63874241545829,-10.4441802618014,0.));
#2304=CARTESIAN_POINT('Ctrl Pts',(-4.61959730891907,-10.7826541269194,6.));
#2305=CARTESIAN_POINT('Ctrl Pts',(-4.61959730891907,-10.7826541269194,0.));
#2306=CARTESIAN_POINT('Ctrl Pts',(-4.56441054294125,-11.1631200845428,6.));
#2307=CARTESIAN_POINT('Ctrl Pts',(-4.56441054294125,-11.1631200845428,0.));
#2308=CARTESIAN_POINT('Ctrl Pts',(-4.46462827739594,-11.5683661052319,6.));
#2309=CARTESIAN_POINT('Ctrl Pts',(-4.46462827739594,-11.5683661052319,0.));
#2310=CARTESIAN_POINT('',(-4.48684182494357,-9.12231504433086,6.));
#2311=CARTESIAN_POINT('Ctrl Pts',(-4.48684182494357,-9.12231504433086,6.));
#2312=CARTESIAN_POINT('Ctrl Pts',(-4.489441507639,-9.12775865886994,6.));
#2313=CARTESIAN_POINT('Ctrl Pts',(-4.49434756967001,-9.13849976382179,6.));
#2314=CARTESIAN_POINT('Ctrl Pts',(-4.50258840995428,-9.15993796280008,6.));
#2315=CARTESIAN_POINT('Ctrl Pts',(-4.55940711806709,-9.30774943932345,6.));
#2316=CARTESIAN_POINT('Ctrl Pts',(-4.67452502412409,-9.81156545580367,6.));
#2317=CARTESIAN_POINT('Ctrl Pts',(-4.63874241545829,-10.4441802618014,6.));
#2318=CARTESIAN_POINT('Ctrl Pts',(-4.61959730891907,-10.7826541269194,6.));
#2319=CARTESIAN_POINT('Ctrl Pts',(-4.56441054294125,-11.1631200845428,6.));
#2320=CARTESIAN_POINT('Ctrl Pts',(-4.46462827739594,-11.5683661052319,6.));
#2321=CARTESIAN_POINT('',(-4.48684182494357,-9.12231504433086,0.));
#2322=CARTESIAN_POINT('',(-4.48684182494357,-9.12231504433086,6.));
#2323=CARTESIAN_POINT('Ctrl Pts',(-4.46462827739594,-11.5683661052319,0.));
#2324=CARTESIAN_POINT('Ctrl Pts',(-4.56441054294125,-11.1631200845428,0.));
#2325=CARTESIAN_POINT('Ctrl Pts',(-4.61959730891907,-10.7826541269194,0.));
#2326=CARTESIAN_POINT('Ctrl Pts',(-4.63874241545829,-10.4441802618014,0.));
#2327=CARTESIAN_POINT('Ctrl Pts',(-4.67452502412409,-9.81156545580367,0.));
#2328=CARTESIAN_POINT('Ctrl Pts',(-4.55940711806709,-9.30774943932345,0.));
#2329=CARTESIAN_POINT('Ctrl Pts',(-4.50258840995428,-9.15993796280008,0.));
#2330=CARTESIAN_POINT('Ctrl Pts',(-4.49434756967001,-9.13849976382179,0.));
#2331=CARTESIAN_POINT('Ctrl Pts',(-4.489441507639,-9.12775865886994,0.));
#2332=CARTESIAN_POINT('Ctrl Pts',(-4.48684182494357,-9.12231504433086,0.));
#2333=CARTESIAN_POINT('Origin',(-3.34335039362648,-6.90851888218,6.));
#2334=CARTESIAN_POINT('',(-3.34335039362648,-6.90851888218,6.));
#2335=CARTESIAN_POINT('',(-1.58282764340945,-3.50015183974337,6.));
#2336=CARTESIAN_POINT('',(-3.34335039362648,-6.90851888218,0.));
#2337=CARTESIAN_POINT('',(-3.34335039362648,-6.90851888218,6.));
#2338=CARTESIAN_POINT('',(-1.58282764340945,-3.50015183974337,-5.55111512312578E-16));
#2339=CARTESIAN_POINT('Origin',(0.,0.,6.));
#2340=CARTESIAN_POINT('',(-5.53723981106465,-5.31456491867027,6.));
#2341=CARTESIAN_POINT('Origin',(0.,0.,6.));
#2342=CARTESIAN_POINT('',(-5.53723981106465,-5.31456491867027,0.));
#2343=CARTESIAN_POINT('',(-5.53723981106465,-5.31456491867027,6.));
#2344=CARTESIAN_POINT('Origin',(0.,0.,0.));
#2345=CARTESIAN_POINT('Origin',(-7.2893267916292,-7.08619053193955,6.));
#2346=CARTESIAN_POINT('',(-7.2893267916292,-7.08619053193955,6.));
#2347=CARTESIAN_POINT('',(-3.7157650645127,-3.47277775244475,6.));
#2348=CARTESIAN_POINT('',(-7.2893267916292,-7.08619053193955,1.11022302462516E-15));
#2349=CARTESIAN_POINT('',(-7.2893267916292,-7.08619053193955,6.));
#2350=CARTESIAN_POINT('',(-3.7157650645127,-3.47277775244475,0.));
#2351=CARTESIAN_POINT('Ctrl Pts',(-9.62252395598647,-7.82093553972078,6.));
#2352=CARTESIAN_POINT('Ctrl Pts',(-9.62252395598647,-7.82093553972078,0.));
#2353=CARTESIAN_POINT('Ctrl Pts',(-8.97516876105741,-7.77376670652628,6.));
#2354=CARTESIAN_POINT('Ctrl Pts',(-8.97516876105741,-7.77376670652628,0.));
#2355=CARTESIAN_POINT('Ctrl Pts',(-8.41721883434944,-7.63973197295943,6.));
#2356=CARTESIAN_POINT('Ctrl Pts',(-8.41721883434944,-7.63973197295943,1.11022302462516E-15));
#2357=CARTESIAN_POINT('Ctrl Pts',(-8.00411301790846,-7.47969878340249,6.));
#2358=CARTESIAN_POINT('Ctrl Pts',(-8.00411301790846,-7.47969878340249,1.11022302462516E-15));
#2359=CARTESIAN_POINT('Ctrl Pts',(-7.78686568460736,-7.395539271996,6.));
#2360=CARTESIAN_POINT('Ctrl Pts',(-7.78686568460736,-7.395539271996,1.11022302462516E-15));
#2361=CARTESIAN_POINT('Ctrl Pts',(-7.6098632985123,-7.30455920685126,6.));
#2362=CARTESIAN_POINT('Ctrl Pts',(-7.6098632985123,-7.30455920685126,1.11022302462516E-15));
#2363=CARTESIAN_POINT('Ctrl Pts',(-7.48512344797155,-7.22757758310277,6.));
#2364=CARTESIAN_POINT('Ctrl Pts',(-7.48512344797155,-7.22757758310277,1.11022302462516E-15));
#2365=CARTESIAN_POINT('Ctrl Pts',(-7.41045259705765,-7.18149541028374,6.));
#2366=CARTESIAN_POINT('Ctrl Pts',(-7.41045259705765,-7.18149541028374,1.11022302462516E-15));
#2367=CARTESIAN_POINT('Ctrl Pts',(-7.35449947180889,-7.1404534664261,6.));
#2368=CARTESIAN_POINT('Ctrl Pts',(-7.35449947180889,-7.1404534664261,1.11022302462516E-15));
#2369=CARTESIAN_POINT('Ctrl Pts',(-7.32162090861207,-7.11390775058491,6.));
#2370=CARTESIAN_POINT('Ctrl Pts',(-7.32162090861207,-7.11390775058491,1.11022302462516E-15));
#2371=CARTESIAN_POINT('Ctrl Pts',(-7.30294871449919,-7.09883206871631,6.));
#2372=CARTESIAN_POINT('Ctrl Pts',(-7.30294871449919,-7.09883206871631,1.11022302462516E-15));
#2373=CARTESIAN_POINT('Ctrl Pts',(-7.29385634636064,-7.09049305755078,6.));
#2374=CARTESIAN_POINT('Ctrl Pts',(-7.29385634636064,-7.09049305755078,1.11022302462516E-15));
#2375=CARTESIAN_POINT('Ctrl Pts',(-7.2893267916292,-7.08619053193955,6.));
#2376=CARTESIAN_POINT('Ctrl Pts',(-7.2893267916292,-7.08619053193955,1.11022302462516E-15));
#2377=CARTESIAN_POINT('',(-9.62252395598647,-7.82093553972078,6.));
#2378=CARTESIAN_POINT('Ctrl Pts',(-9.62252395598647,-7.82093553972078,6.));
#2379=CARTESIAN_POINT('Ctrl Pts',(-8.97516876105741,-7.77376670652628,6.));
#2380=CARTESIAN_POINT('Ctrl Pts',(-8.41721883434944,-7.63973197295943,6.));
#2381=CARTESIAN_POINT('Ctrl Pts',(-8.00411301790846,-7.47969878340249,6.));
#2382=CARTESIAN_POINT('Ctrl Pts',(-7.78686568460736,-7.395539271996,6.));
#2383=CARTESIAN_POINT('Ctrl Pts',(-7.6098632985123,-7.30455920685126,6.));
#2384=CARTESIAN_POINT('Ctrl Pts',(-7.48512344797155,-7.22757758310277,6.));
#2385=CARTESIAN_POINT('Ctrl Pts',(-7.41045259705765,-7.18149541028374,6.));
#2386=CARTESIAN_POINT('Ctrl Pts',(-7.35449947180889,-7.1404534664261,6.));
#2387=CARTESIAN_POINT('Ctrl Pts',(-7.32162090861207,-7.11390775058491,6.));
#2388=CARTESIAN_POINT('Ctrl Pts',(-7.30294871449919,-7.09883206871631,6.));
#2389=CARTESIAN_POINT('Ctrl Pts',(-7.29385634636064,-7.09049305755078,6.));
#2390=CARTESIAN_POINT('Ctrl Pts',(-7.2893267916292,-7.08619053193955,6.));
#2391=CARTESIAN_POINT('',(-9.62252395598647,-7.82093553972078,1.11022302462516E-15));
#2392=CARTESIAN_POINT('',(-9.62252395598647,-7.82093553972078,6.));
#2393=CARTESIAN_POINT('Ctrl Pts',(-7.2893267916292,-7.08619053193955,1.11022302462516E-15));
#2394=CARTESIAN_POINT('Ctrl Pts',(-7.29385634636064,-7.09049305755078,1.11022302462516E-15));
#2395=CARTESIAN_POINT('Ctrl Pts',(-7.30294871449919,-7.09883206871631,1.11022302462516E-15));
#2396=CARTESIAN_POINT('Ctrl Pts',(-7.32162090861207,-7.11390775058491,1.11022302462516E-15));
#2397=CARTESIAN_POINT('Ctrl Pts',(-7.35449947180889,-7.1404534664261,1.11022302462516E-15));
#2398=CARTESIAN_POINT('Ctrl Pts',(-7.41045259705765,-7.18149541028374,1.11022302462516E-15));
#2399=CARTESIAN_POINT('Ctrl Pts',(-7.48512344797155,-7.22757758310277,1.11022302462516E-15));
#2400=CARTESIAN_POINT('Ctrl Pts',(-7.6098632985123,-7.30455920685126,1.11022302462516E-15));
#2401=CARTESIAN_POINT('Ctrl Pts',(-7.78686568460736,-7.395539271996,1.11022302462516E-15));
#2402=CARTESIAN_POINT('Ctrl Pts',(-8.00411301790846,-7.47969878340249,1.11022302462516E-15));
#2403=CARTESIAN_POINT('Ctrl Pts',(-8.41721883434944,-7.63973197295943,1.11022302462516E-15));
#2404=CARTESIAN_POINT('Ctrl Pts',(-8.97516876105741,-7.77376670652628,0.));
#2405=CARTESIAN_POINT('Ctrl Pts',(-9.62252395598647,-7.82093553972078,0.));
#2406=CARTESIAN_POINT('Origin',(0.,0.,6.));
#2407=CARTESIAN_POINT('',(-10.4116751397556,-6.73476211786213,6.));
#2408=CARTESIAN_POINT('Origin',(0.,0.,6.));
#2409=CARTESIAN_POINT('',(-10.4116751397556,-6.73476211786213,1.11022302462516E-15));
#2410=CARTESIAN_POINT('',(-10.4116751397556,-6.73476211786213,6.));
#2411=CARTESIAN_POINT('Origin',(0.,0.,0.));
#2412=CARTESIAN_POINT('Ctrl Pts',(-8.99189353727613,-4.74280844483561,6.));
#2413=CARTESIAN_POINT('Ctrl Pts',(-8.99189353727613,-4.74280844483561,1.11022302462516E-15));
#2414=CARTESIAN_POINT('Ctrl Pts',(-8.99719640107883,-4.74568436634709,6.));
#2415=CARTESIAN_POINT('Ctrl Pts',(-8.99719640107883,-4.74568436634709,1.11022302462516E-15));
#2416=CARTESIAN_POINT('Ctrl Pts',(-9.00747895163062,-4.75149039183134,6.));
#2417=CARTESIAN_POINT('Ctrl Pts',(-9.00747895163062,-4.75149039183134,1.11022302462516E-15));
#2418=CARTESIAN_POINT('Ctrl Pts',(-9.02674698850026,-4.76399041463212,6.));
#2419=CARTESIAN_POINT('Ctrl Pts',(-9.02674698850026,-4.76399041463212,1.11022302462516E-15));
#2420=CARTESIAN_POINT('Ctrl Pts',(-9.15959569792116,-4.8501752142591,6.));
#2421=CARTESIAN_POINT('Ctrl Pts',(-9.15959569792116,-4.8501752142591,1.11022302462516E-15));
#2422=CARTESIAN_POINT('Ctrl Pts',(-9.54886367953838,-5.19010634116333,6.));
#2423=CARTESIAN_POINT('Ctrl Pts',(-9.54886367953838,-5.19010634116333,1.11022302462516E-15));
#2424=CARTESIAN_POINT('Ctrl Pts',(-9.89175660250223,-5.72293498305479,6.));
#2425=CARTESIAN_POINT('Ctrl Pts',(-9.89175660250223,-5.72293498305479,1.11022302462516E-15));
#2426=CARTESIAN_POINT('Ctrl Pts',(-10.0752178232295,-6.00801929519192,6.));
#2427=CARTESIAN_POINT('Ctrl Pts',(-10.0752178232295,-6.00801929519192,1.11022302462516E-15));
#2428=CARTESIAN_POINT('Ctrl Pts',(-10.2542030611559,-6.34826067412897,6.));
#2429=CARTESIAN_POINT('Ctrl Pts',(-10.2542030611559,-6.34826067412897,0.));
#2430=CARTESIAN_POINT('Ctrl Pts',(-10.4116751397555,-6.73476211786213,6.));
#2431=CARTESIAN_POINT('Ctrl Pts',(-10.4116751397555,-6.73476211786213,0.));
#2432=CARTESIAN_POINT('',(-8.99189353727613,-4.74280844483561,6.));
#2433=CARTESIAN_POINT('Ctrl Pts',(-8.99189353727613,-4.74280844483561,6.));
#2434=CARTESIAN_POINT('Ctrl Pts',(-8.99719640107883,-4.74568436634709,6.));
#2435=CARTESIAN_POINT('Ctrl Pts',(-9.00747895163062,-4.75149039183134,6.));
#2436=CARTESIAN_POINT('Ctrl Pts',(-9.02674698850026,-4.76399041463212,6.));
#2437=CARTESIAN_POINT('Ctrl Pts',(-9.15959569792116,-4.8501752142591,6.));
#2438=CARTESIAN_POINT('Ctrl Pts',(-9.54886367953838,-5.19010634116333,6.));
#2439=CARTESIAN_POINT('Ctrl Pts',(-9.89175660250223,-5.72293498305479,6.));
#2440=CARTESIAN_POINT('Ctrl Pts',(-10.0752178232295,-6.00801929519192,6.));
#2441=CARTESIAN_POINT('Ctrl Pts',(-10.2542030611559,-6.34826067412897,6.));
#2442=CARTESIAN_POINT('Ctrl Pts',(-10.4116751397555,-6.73476211786213,6.));
#2443=CARTESIAN_POINT('',(-8.99189353727613,-4.74280844483561,1.11022302462516E-15));
#2444=CARTESIAN_POINT('',(-8.99189353727613,-4.74280844483561,6.));
#2445=CARTESIAN_POINT('Ctrl Pts',(-10.4116751397555,-6.73476211786213,0.));
#2446=CARTESIAN_POINT('Ctrl Pts',(-10.2542030611559,-6.34826067412897,0.));
#2447=CARTESIAN_POINT('Ctrl Pts',(-10.0752178232295,-6.00801929519192,1.11022302462516E-15));
#2448=CARTESIAN_POINT('Ctrl Pts',(-9.89175660250223,-5.72293498305479,1.11022302462516E-15));
#2449=CARTESIAN_POINT('Ctrl Pts',(-9.54886367953838,-5.19010634116333,1.11022302462516E-15));
#2450=CARTESIAN_POINT('Ctrl Pts',(-9.15959569792116,-4.8501752142591,1.11022302462516E-15));
#2451=CARTESIAN_POINT('Ctrl Pts',(-9.02674698850026,-4.76399041463212,1.11022302462516E-15));
#2452=CARTESIAN_POINT('Ctrl Pts',(-9.00747895163062,-4.75149039183134,1.11022302462516E-15));
#2453=CARTESIAN_POINT('Ctrl Pts',(-8.99719640107883,-4.74568436634709,1.11022302462516E-15));
#2454=CARTESIAN_POINT('Ctrl Pts',(-8.99189353727613,-4.74280844483561,1.11022302462516E-15));
#2455=CARTESIAN_POINT('Origin',(-6.76555280072348,-3.62393712702396,6.));
#2456=CARTESIAN_POINT('',(-6.76555280072348,-3.62393712702396,6.));
#2457=CARTESIAN_POINT('',(-3.33787209487022,-1.9013195755282,6.));
#2458=CARTESIAN_POINT('',(-6.76555280072348,-3.62393712702396,0.));
#2459=CARTESIAN_POINT('',(-6.76555280072348,-3.62393712702396,6.));
#2460=CARTESIAN_POINT('',(-3.33787209487022,-1.9013195755282,-5.55111512312578E-16));
#2461=CARTESIAN_POINT('Origin',(0.,0.,6.));
#2462=CARTESIAN_POINT('',(-7.60354399062616,-1.0448654375626,6.));
#2463=CARTESIAN_POINT('Origin',(0.,0.,6.));
#2464=CARTESIAN_POINT('',(-7.60354399062616,-1.0448654375626,0.));
#2465=CARTESIAN_POINT('',(-7.60354399062616,-1.0448654375626,6.));
#2466=CARTESIAN_POINT('Origin',(0.,0.,0.));
#2467=CARTESIAN_POINT('Origin',(-10.0623475415887,-1.44828977845781,6.));
#2468=CARTESIAN_POINT('',(-10.0623475415887,-1.44828977845781,6.));
#2469=CARTESIAN_POINT('',(-5.04736463167162,-0.62546431351081,6.));
#2470=CARTESIAN_POINT('',(-10.0623475415887,-1.44828977845781,0.));
#2471=CARTESIAN_POINT('',(-10.0623475415887,-1.44828977845781,6.));
#2472=CARTESIAN_POINT('',(-5.04736463167162,-0.62546431351081,0.));
#2473=CARTESIAN_POINT('Ctrl Pts',(-12.381815978551,-0.671292092385266,6.));
#2474=CARTESIAN_POINT('Ctrl Pts',(-12.381815978551,-0.671292092385266,0.));
#2475=CARTESIAN_POINT('Ctrl Pts',(-11.8303694799319,-1.01363754130366,6.));
#2476=CARTESIAN_POINT('Ctrl Pts',(-11.8303694799319,-1.01363754130366,0.));
#2477=CARTESIAN_POINT('Ctrl Pts',(-11.3001948675515,-1.23315590243998,6.));
#2478=CARTESIAN_POINT('Ctrl Pts',(-11.3001948675515,-1.23315590243998,0.));
#2479=CARTESIAN_POINT('Ctrl Pts',(-10.8719200928595,-1.34650383896947,6.));
#2480=CARTESIAN_POINT('Ctrl Pts',(-10.8719200928595,-1.34650383896947,0.));
#2481=CARTESIAN_POINT('Ctrl Pts',(-10.6466955885977,-1.40611214261594,6.));
#2482=CARTESIAN_POINT('Ctrl Pts',(-10.6466955885977,-1.40611214261594,0.));
#2483=CARTESIAN_POINT('Ctrl Pts',(-10.4500209096497,-1.43654711593353,6.));
#2484=CARTESIAN_POINT('Ctrl Pts',(-10.4500209096497,-1.43654711593353,0.));
#2485=CARTESIAN_POINT('Ctrl Pts',(-10.3038555875509,-1.44758791858728,6.));
#2486=CARTESIAN_POINT('Ctrl Pts',(-10.3038555875509,-1.44758791858728,0.));
#2487=CARTESIAN_POINT('Ctrl Pts',(-10.2163591789977,-1.45419708255232,6.));
#2488=CARTESIAN_POINT('Ctrl Pts',(-10.2163591789977,-1.45419708255232,0.));
#2489=CARTESIAN_POINT('Ctrl Pts',(-10.1469683006922,-1.45388187436666,6.));
#2490=CARTESIAN_POINT('Ctrl Pts',(-10.1469683006922,-1.45388187436666,0.));
#2491=CARTESIAN_POINT('Ctrl Pts',(-10.1047658039675,-1.45173147370932,6.));
#2492=CARTESIAN_POINT('Ctrl Pts',(-10.1047658039675,-1.45173147370932,0.));
#2493=CARTESIAN_POINT('Ctrl Pts',(-10.0807984178035,-1.45051023120089,6.));
#2494=CARTESIAN_POINT('Ctrl Pts',(-10.0807984178035,-1.45051023120089,0.));
#2495=CARTESIAN_POINT('Ctrl Pts',(-10.0685409895302,-1.44910818933667,6.));
#2496=CARTESIAN_POINT('Ctrl Pts',(-10.0685409895302,-1.44910818933667,0.));
#2497=CARTESIAN_POINT('Ctrl Pts',(-10.0623475415887,-1.44828977845781,6.));
#2498=CARTESIAN_POINT('Ctrl Pts',(-10.0623475415887,-1.44828977845781,0.));
#2499=CARTESIAN_POINT('',(-12.381815978551,-0.671292092385266,6.));
#2500=CARTESIAN_POINT('Ctrl Pts',(-12.381815978551,-0.671292092385266,6.));
#2501=CARTESIAN_POINT('Ctrl Pts',(-11.8303694799319,-1.01363754130366,6.));
#2502=CARTESIAN_POINT('Ctrl Pts',(-11.3001948675515,-1.23315590243998,6.));
#2503=CARTESIAN_POINT('Ctrl Pts',(-10.8719200928595,-1.34650383896947,6.));
#2504=CARTESIAN_POINT('Ctrl Pts',(-10.6466955885977,-1.40611214261594,6.));
#2505=CARTESIAN_POINT('Ctrl Pts',(-10.4500209096497,-1.43654711593353,6.));
#2506=CARTESIAN_POINT('Ctrl Pts',(-10.3038555875509,-1.44758791858728,6.));
#2507=CARTESIAN_POINT('Ctrl Pts',(-10.2163591789977,-1.45419708255232,6.));
#2508=CARTESIAN_POINT('Ctrl Pts',(-10.1469683006922,-1.45388187436666,6.));
#2509=CARTESIAN_POINT('Ctrl Pts',(-10.1047658039675,-1.45173147370932,6.));
#2510=CARTESIAN_POINT('Ctrl Pts',(-10.0807984178035,-1.45051023120089,6.));
#2511=CARTESIAN_POINT('Ctrl Pts',(-10.0685409895302,-1.44910818933667,6.));
#2512=CARTESIAN_POINT('Ctrl Pts',(-10.0623475415887,-1.44828977845781,6.));
#2513=CARTESIAN_POINT('',(-12.381815978551,-0.671292092385266,0.));
#2514=CARTESIAN_POINT('',(-12.381815978551,-0.671292092385266,6.));
#2515=CARTESIAN_POINT('Ctrl Pts',(-10.0623475415887,-1.44828977845781,0.));
#2516=CARTESIAN_POINT('Ctrl Pts',(-10.0685409895302,-1.44910818933667,0.));
#2517=CARTESIAN_POINT('Ctrl Pts',(-10.0807984178035,-1.45051023120089,0.));
#2518=CARTESIAN_POINT('Ctrl Pts',(-10.1047658039675,-1.45173147370932,0.));
#2519=CARTESIAN_POINT('Ctrl Pts',(-10.1469683006922,-1.45388187436666,0.));
#2520=CARTESIAN_POINT('Ctrl Pts',(-10.2163591789977,-1.45419708255232,0.));
#2521=CARTESIAN_POINT('Ctrl Pts',(-10.3038555875509,-1.44758791858728,0.));
#2522=CARTESIAN_POINT('Ctrl Pts',(-10.4500209096497,-1.43654711593353,0.));
#2523=CARTESIAN_POINT('Ctrl Pts',(-10.6466955885977,-1.40611214261594,0.));
#2524=CARTESIAN_POINT('Ctrl Pts',(-10.8719200928595,-1.34650383896947,0.));
#2525=CARTESIAN_POINT('Ctrl Pts',(-11.3001948675515,-1.23315590243998,0.));
#2526=CARTESIAN_POINT('Ctrl Pts',(-11.8303694799319,-1.01363754130366,0.));
#2527=CARTESIAN_POINT('Ctrl Pts',(-12.381815978551,-0.671292092385266,0.));
#2528=CARTESIAN_POINT('Origin',(0.,0.,6.));
#2529=CARTESIAN_POINT('',(-12.3818159785511,0.671292092385209,6.));
#2530=CARTESIAN_POINT('Origin',(0.,0.,6.));
#2531=CARTESIAN_POINT('',(-12.3818159785511,0.671292092385209,0.));
#2532=CARTESIAN_POINT('',(-12.3818159785511,0.671292092385209,6.));
#2533=CARTESIAN_POINT('Origin',(0.,0.,0.));
#2534=CARTESIAN_POINT('Ctrl Pts',(-10.062347541588,1.44828977845773,6.));
#2535=CARTESIAN_POINT('Ctrl Pts',(-10.062347541588,1.44828977845773,0.));
#2536=CARTESIAN_POINT('Ctrl Pts',(-10.0683280727952,1.44908005422137,6.));
#2537=CARTESIAN_POINT('Ctrl Pts',(-10.0683280727952,1.44908005422137,0.));
#2538=CARTESIAN_POINT('Ctrl Pts',(-10.0800595272153,1.45042681251902,6.));
#2539=CARTESIAN_POINT('Ctrl Pts',(-10.0800595272153,1.45042681251902,0.));
#2540=CARTESIAN_POINT('Ctrl Pts',(-10.1029950257575,1.45163954955795,6.));
#2541=CARTESIAN_POINT('Ctrl Pts',(-10.1029950257575,1.45163954955795,0.));
#2542=CARTESIAN_POINT('Ctrl Pts',(-10.2611300417204,1.46000109402831,6.));
#2543=CARTESIAN_POINT('Ctrl Pts',(-10.2611300417204,1.46000109402831,0.));
#2544=CARTESIAN_POINT('Ctrl Pts',(-10.7758609448671,1.41379701615633,6.));
#2545=CARTESIAN_POINT('Ctrl Pts',(-10.7758609448671,1.41379701615633,0.));
#2546=CARTESIAN_POINT('Ctrl Pts',(-11.3664559523175,1.18427700140357,6.));
#2547=CARTESIAN_POINT('Ctrl Pts',(-11.3664559523175,1.18427700140357,0.));
#2548=CARTESIAN_POINT('Ctrl Pts',(-11.6824475591514,1.06147474715602,6.));
#2549=CARTESIAN_POINT('Ctrl Pts',(-11.6824475591514,1.06147474715602,0.));
#2550=CARTESIAN_POINT('Ctrl Pts',(-12.0272385324197,0.891418569343758,6.));
#2551=CARTESIAN_POINT('Ctrl Pts',(-12.0272385324197,0.891418569343758,0.));
#2552=CARTESIAN_POINT('Ctrl Pts',(-12.3818159785511,0.671292092385209,6.));
#2553=CARTESIAN_POINT('Ctrl Pts',(-12.3818159785511,0.671292092385209,0.));
#2554=CARTESIAN_POINT('',(-10.062347541588,1.44828977845773,6.));
#2555=CARTESIAN_POINT('Ctrl Pts',(-10.062347541588,1.44828977845773,6.));
#2556=CARTESIAN_POINT('Ctrl Pts',(-10.0683280727952,1.44908005422137,6.));
#2557=CARTESIAN_POINT('Ctrl Pts',(-10.0800595272153,1.45042681251902,6.));
#2558=CARTESIAN_POINT('Ctrl Pts',(-10.1029950257575,1.45163954955795,6.));
#2559=CARTESIAN_POINT('Ctrl Pts',(-10.2611300417204,1.46000109402831,6.));
#2560=CARTESIAN_POINT('Ctrl Pts',(-10.7758609448671,1.41379701615633,6.));
#2561=CARTESIAN_POINT('Ctrl Pts',(-11.3664559523175,1.18427700140357,6.));
#2562=CARTESIAN_POINT('Ctrl Pts',(-11.6824475591514,1.06147474715602,6.));
#2563=CARTESIAN_POINT('Ctrl Pts',(-12.0272385324197,0.891418569343758,6.));
#2564=CARTESIAN_POINT('Ctrl Pts',(-12.3818159785511,0.671292092385209,6.));
#2565=CARTESIAN_POINT('',(-10.062347541588,1.44828977845773,0.));
#2566=CARTESIAN_POINT('',(-10.062347541588,1.44828977845773,6.));
#2567=CARTESIAN_POINT('Ctrl Pts',(-12.3818159785511,0.671292092385209,0.));
#2568=CARTESIAN_POINT('Ctrl Pts',(-12.0272385324197,0.891418569343758,0.));
#2569=CARTESIAN_POINT('Ctrl Pts',(-11.6824475591514,1.06147474715602,0.));
#2570=CARTESIAN_POINT('Ctrl Pts',(-11.3664559523175,1.18427700140357,0.));
#2571=CARTESIAN_POINT('Ctrl Pts',(-10.7758609448671,1.41379701615633,0.));
#2572=CARTESIAN_POINT('Ctrl Pts',(-10.2611300417204,1.46000109402831,0.));
#2573=CARTESIAN_POINT('Ctrl Pts',(-10.1029950257575,1.45163954955795,0.));
#2574=CARTESIAN_POINT('Ctrl Pts',(-10.0800595272153,1.45042681251902,0.));
#2575=CARTESIAN_POINT('Ctrl Pts',(-10.0683280727952,1.44908005422137,0.));
#2576=CARTESIAN_POINT('Ctrl Pts',(-10.062347541588,1.44828977845773,0.));
#2577=CARTESIAN_POINT('Origin',(-7.60354399062616,1.04486543756259,6.));
#2578=CARTESIAN_POINT('',(-7.60354399062616,1.04486543756259,6.));
#2579=CARTESIAN_POINT('',(-3.81796285619037,0.423752143063205,6.));
#2580=CARTESIAN_POINT('',(-7.60354399062616,1.04486543756259,0.));
#2581=CARTESIAN_POINT('',(-7.60354399062616,1.04486543756259,6.));
#2582=CARTESIAN_POINT('',(-3.81796285619037,0.423752143063205,0.));
#2583=CARTESIAN_POINT('Origin',(0.,0.,6.));
#2584=CARTESIAN_POINT('',(-6.76555280072348,3.62393712702396,6.));
#2585=CARTESIAN_POINT('Origin',(0.,0.,6.));
#2586=CARTESIAN_POINT('',(-6.76555280072348,3.62393712702396,0.));
#2587=CARTESIAN_POINT('',(-6.76555280072348,3.62393712702396,6.));
#2588=CARTESIAN_POINT('Origin',(0.,0.,0.));
#2589=CARTESIAN_POINT('Origin',(-8.99189353727587,4.74280844483547,6.));
#2590=CARTESIAN_POINT('',(-8.99189353727587,4.74280844483547,6.));
#2591=CARTESIAN_POINT('',(-4.45104246314641,2.46075523443396,6.));
#2592=CARTESIAN_POINT('',(-8.99189353727587,4.74280844483547,0.));
#2593=CARTESIAN_POINT('',(-8.99189353727587,4.74280844483547,6.));
#2594=CARTESIAN_POINT('',(-4.45104246314641,2.46075523443396,0.));
#2595=CARTESIAN_POINT('Ctrl Pts',(-10.4116751397556,6.73476211786222,6.));
#2596=CARTESIAN_POINT('Ctrl Pts',(-10.4116751397556,6.73476211786222,0.));
#2597=CARTESIAN_POINT('Ctrl Pts',(-10.166771156946,6.1336667124182,6.));
#2598=CARTESIAN_POINT('Ctrl Pts',(-10.166771156946,6.1336667124182,0.));
#2599=CARTESIAN_POINT('Ctrl Pts',(-9.86688054083045,5.64444380939144,6.));
#2600=CARTESIAN_POINT('Ctrl Pts',(-9.86688054083045,5.64444380939144,0.));
#2601=CARTESIAN_POINT('Ctrl Pts',(-9.58702321531126,5.30100980596763,6.));
#2602=CARTESIAN_POINT('Ctrl Pts',(-9.58702321531126,5.30100980596763,0.));
#2603=CARTESIAN_POINT('Ctrl Pts',(-9.43984964560559,5.12040203324479,6.));
#2604=CARTESIAN_POINT('Ctrl Pts',(-9.43984964560559,5.12040203324479,0.));
#2605=CARTESIAN_POINT('Ctrl Pts',(-9.29862571646182,4.98017714684041,6.));
#2606=CARTESIAN_POINT('Ctrl Pts',(-9.29862571646182,4.98017714684041,0.));
#2607=CARTESIAN_POINT('Ctrl Pts',(-9.18686510785622,4.88533112912478,6.));
#2608=CARTESIAN_POINT('Ctrl Pts',(-9.18686510785622,4.88533112912478,0.));
#2609=CARTESIAN_POINT('Ctrl Pts',(-9.11996379591055,4.82855510493205,6.));
#2610=CARTESIAN_POINT('Ctrl Pts',(-9.11996379591055,4.82855510493205,0.));
#2611=CARTESIAN_POINT('Ctrl Pts',(-9.06364012168035,4.78802317895373,6.));
#2612=CARTESIAN_POINT('Ctrl Pts',(-9.06364012168035,4.78802317895373,0.));
#2613=CARTESIAN_POINT('Ctrl Pts',(-9.02823361078357,4.76495688437146,6.));
#2614=CARTESIAN_POINT('Ctrl Pts',(-9.02823361078357,4.76495688437146,0.));
#2615=CARTESIAN_POINT('Ctrl Pts',(-9.00812575935712,4.75185721392464,6.));
#2616=CARTESIAN_POINT('Ctrl Pts',(-9.00812575935712,4.75185721392464,0.));
#2617=CARTESIAN_POINT('Ctrl Pts',(-8.99738519188491,4.74578675395507,6.));
#2618=CARTESIAN_POINT('Ctrl Pts',(-8.99738519188491,4.74578675395507,0.));
#2619=CARTESIAN_POINT('Ctrl Pts',(-8.99189353727587,4.74280844483547,6.));
#2620=CARTESIAN_POINT('Ctrl Pts',(-8.99189353727587,4.74280844483547,0.));
#2621=CARTESIAN_POINT('',(-10.4116751397556,6.73476211786222,6.));
#2622=CARTESIAN_POINT('Ctrl Pts',(-10.4116751397556,6.73476211786222,6.));
#2623=CARTESIAN_POINT('Ctrl Pts',(-10.166771156946,6.1336667124182,6.));
#2624=CARTESIAN_POINT('Ctrl Pts',(-9.86688054083045,5.64444380939144,6.));
#2625=CARTESIAN_POINT('Ctrl Pts',(-9.58702321531126,5.30100980596763,6.));
#2626=CARTESIAN_POINT('Ctrl Pts',(-9.43984964560559,5.12040203324479,6.));
#2627=CARTESIAN_POINT('Ctrl Pts',(-9.29862571646182,4.98017714684041,6.));
#2628=CARTESIAN_POINT('Ctrl Pts',(-9.18686510785622,4.88533112912478,6.));
#2629=CARTESIAN_POINT('Ctrl Pts',(-9.11996379591055,4.82855510493205,6.));
#2630=CARTESIAN_POINT('Ctrl Pts',(-9.06364012168035,4.78802317895373,6.));
#2631=CARTESIAN_POINT('Ctrl Pts',(-9.02823361078357,4.76495688437146,6.));
#2632=CARTESIAN_POINT('Ctrl Pts',(-9.00812575935712,4.75185721392464,6.));
#2633=CARTESIAN_POINT('Ctrl Pts',(-8.99738519188491,4.74578675395507,6.));
#2634=CARTESIAN_POINT('Ctrl Pts',(-8.99189353727587,4.74280844483547,6.));
#2635=CARTESIAN_POINT('',(-10.4116751397556,6.73476211786222,0.));
#2636=CARTESIAN_POINT('',(-10.4116751397556,6.73476211786222,6.));
#2637=CARTESIAN_POINT('Ctrl Pts',(-8.99189353727587,4.74280844483547,0.));
#2638=CARTESIAN_POINT('Ctrl Pts',(-8.99738519188491,4.74578675395507,0.));
#2639=CARTESIAN_POINT('Ctrl Pts',(-9.00812575935712,4.75185721392464,0.));
#2640=CARTESIAN_POINT('Ctrl Pts',(-9.02823361078357,4.76495688437146,0.));
#2641=CARTESIAN_POINT('Ctrl Pts',(-9.06364012168035,4.78802317895373,0.));
#2642=CARTESIAN_POINT('Ctrl Pts',(-9.11996379591055,4.82855510493205,0.));
#2643=CARTESIAN_POINT('Ctrl Pts',(-9.18686510785622,4.88533112912478,0.));
#2644=CARTESIAN_POINT('Ctrl Pts',(-9.29862571646182,4.98017714684041,0.));
#2645=CARTESIAN_POINT('Ctrl Pts',(-9.43984964560559,5.12040203324479,0.));
#2646=CARTESIAN_POINT('Ctrl Pts',(-9.58702321531126,5.30100980596763,0.));
#2647=CARTESIAN_POINT('Ctrl Pts',(-9.86688054083045,5.64444380939144,0.));
#2648=CARTESIAN_POINT('Ctrl Pts',(-10.166771156946,6.1336667124182,0.));
#2649=CARTESIAN_POINT('Ctrl Pts',(-10.4116751397556,6.73476211786222,0.));
#2650=CARTESIAN_POINT('Origin',(0.,0.,6.));
#2651=CARTESIAN_POINT('',(-9.62252395598633,7.82093553972077,6.));
#2652=CARTESIAN_POINT('Origin',(0.,0.,6.));
#2653=CARTESIAN_POINT('',(-9.62252395598633,7.82093553972077,0.));
#2654=CARTESIAN_POINT('',(-9.62252395598633,7.82093553972077,6.));
#2655=CARTESIAN_POINT('Origin',(0.,0.,0.));
#2656=CARTESIAN_POINT('Ctrl Pts',(-7.28932679162895,7.08619053193932,6.));
#2657=CARTESIAN_POINT('Ctrl Pts',(-7.28932679162895,7.08619053193932,0.));
#2658=CARTESIAN_POINT('Ctrl Pts',(-7.2937006305447,7.09034514648091,6.));
#2659=CARTESIAN_POINT('Ctrl Pts',(-7.2937006305447,7.09034514648091,0.));
#2660=CARTESIAN_POINT('Ctrl Pts',(-7.30239997185564,7.09833027271093,6.));
#2661=CARTESIAN_POINT('Ctrl Pts',(-7.30239997185564,7.09833027271093,0.));
#2662=CARTESIAN_POINT('Ctrl Pts',(-7.3202423509159,7.11279254531599,6.));
#2663=CARTESIAN_POINT('Ctrl Pts',(-7.3202423509159,7.11279254531599,0.));
#2664=CARTESIAN_POINT('Ctrl Pts',(-7.44326147895828,7.21250661143785,6.));
#2665=CARTESIAN_POINT('Ctrl Pts',(-7.44326147895828,7.21250661143785,0.));
#2666=CARTESIAN_POINT('Ctrl Pts',(-7.88684563601015,7.47767797758957,6.));
#2667=CARTESIAN_POINT('Ctrl Pts',(-7.88684563601015,7.47767797758957,0.));
#2668=CARTESIAN_POINT('Ctrl Pts',(-8.49955555724679,7.63913542141154,6.));
#2669=CARTESIAN_POINT('Ctrl Pts',(-8.49955555724679,7.63913542141154,0.));
#2670=CARTESIAN_POINT('Ctrl Pts',(-8.82737947249143,7.72552150648142,6.));
#2671=CARTESIAN_POINT('Ctrl Pts',(-8.82737947249143,7.72552150648142,0.));
#2672=CARTESIAN_POINT('Ctrl Pts',(-9.20627771419622,7.79060620939232,6.));
#2673=CARTESIAN_POINT('Ctrl Pts',(-9.20627771419622,7.79060620939232,0.));
#2674=CARTESIAN_POINT('Ctrl Pts',(-9.62252395598633,7.82093553972077,6.));
#2675=CARTESIAN_POINT('Ctrl Pts',(-9.62252395598633,7.82093553972077,0.));
#2676=CARTESIAN_POINT('',(-7.28932679162895,7.08619053193932,6.));
#2677=CARTESIAN_POINT('Ctrl Pts',(-7.28932679162895,7.08619053193932,6.));
#2678=CARTESIAN_POINT('Ctrl Pts',(-7.2937006305447,7.09034514648091,6.));
#2679=CARTESIAN_POINT('Ctrl Pts',(-7.30239997185564,7.09833027271093,6.));
#2680=CARTESIAN_POINT('Ctrl Pts',(-7.3202423509159,7.11279254531599,6.));
#2681=CARTESIAN_POINT('Ctrl Pts',(-7.44326147895828,7.21250661143785,6.));
#2682=CARTESIAN_POINT('Ctrl Pts',(-7.88684563601015,7.47767797758957,6.));
#2683=CARTESIAN_POINT('Ctrl Pts',(-8.49955555724679,7.63913542141154,6.));
#2684=CARTESIAN_POINT('Ctrl Pts',(-8.82737947249143,7.72552150648142,6.));
#2685=CARTESIAN_POINT('Ctrl Pts',(-9.20627771419622,7.79060620939232,6.));
#2686=CARTESIAN_POINT('Ctrl Pts',(-9.62252395598633,7.82093553972077,6.));
#2687=CARTESIAN_POINT('',(-7.28932679162895,7.08619053193932,0.));
#2688=CARTESIAN_POINT('',(-7.28932679162895,7.08619053193932,6.));
#2689=CARTESIAN_POINT('Ctrl Pts',(-9.62252395598633,7.82093553972077,0.));
#2690=CARTESIAN_POINT('Ctrl Pts',(-9.20627771419622,7.79060620939232,0.));
#2691=CARTESIAN_POINT('Ctrl Pts',(-8.82737947249143,7.72552150648142,0.));
#2692=CARTESIAN_POINT('Ctrl Pts',(-8.49955555724679,7.63913542141154,0.));
#2693=CARTESIAN_POINT('Ctrl Pts',(-7.88684563601015,7.47767797758957,0.));
#2694=CARTESIAN_POINT('Ctrl Pts',(-7.44326147895828,7.21250661143785,0.));
#2695=CARTESIAN_POINT('Ctrl Pts',(-7.3202423509159,7.11279254531599,0.));
#2696=CARTESIAN_POINT('Ctrl Pts',(-7.30239997185564,7.09833027271093,0.));
#2697=CARTESIAN_POINT('Ctrl Pts',(-7.2937006305447,7.09034514648091,0.));
#2698=CARTESIAN_POINT('Ctrl Pts',(-7.28932679162895,7.08619053193932,0.));
#2699=CARTESIAN_POINT('Origin',(-5.53723981106465,5.31456491867027,6.));
#2700=CARTESIAN_POINT('',(-5.53723981106465,5.31456491867027,6.));
#2701=CARTESIAN_POINT('',(-2.83972157423044,2.58696494581009,6.));
#2702=CARTESIAN_POINT('',(-5.53723981106465,5.31456491867027,0.));
#2703=CARTESIAN_POINT('',(-5.53723981106465,5.31456491867027,6.));
#2704=CARTESIAN_POINT('',(-2.83972157423044,2.58696494581009,0.));
#2705=CARTESIAN_POINT('Origin',(0.,0.,6.));
#2706=CARTESIAN_POINT('',(-3.34335039362648,6.90851888218,6.));
#2707=CARTESIAN_POINT('Origin',(0.,0.,6.));
#2708=CARTESIAN_POINT('',(-3.34335039362648,6.90851888218,0.));
#2709=CARTESIAN_POINT('',(-3.34335039362648,6.90851888218,6.));
#2710=CARTESIAN_POINT('Origin',(0.,0.,0.));
#2711=CARTESIAN_POINT('Origin',(-4.48684182494335,9.12231504433041,6.));
#2712=CARTESIAN_POINT('',(-4.48684182494335,9.12231504433041,6.));
#2713=CARTESIAN_POINT('',(-2.15457335906782,4.6070499208186,6.));
#2714=CARTESIAN_POINT('',(-4.48684182494335,9.12231504433041,0.));
#2715=CARTESIAN_POINT('',(-4.48684182494335,9.12231504433041,6.));
#2716=CARTESIAN_POINT('',(-2.15457335906782,4.6070499208186,0.));
#2717=CARTESIAN_POINT('Ctrl Pts',(-4.46462827739593,11.5683661052319,6.));
#2718=CARTESIAN_POINT('Ctrl Pts',(-4.46462827739593,11.5683661052319,0.));
#2719=CARTESIAN_POINT('Ctrl Pts',(-4.61981180785069,10.9381187576738,6.));
#2720=CARTESIAN_POINT('Ctrl Pts',(-4.61981180785069,10.9381187576738,0.));
#2721=CARTESIAN_POINT('Ctrl Pts',(-4.66475321044503,10.3660578336155,6.));
#2722=CARTESIAN_POINT('Ctrl Pts',(-4.66475321044503,10.3660578336155,0.));
#2723=CARTESIAN_POINT('Ctrl Pts',(-4.64020932044841,9.9237178797216,6.));
#2724=CARTESIAN_POINT('Ctrl Pts',(-4.64020932044841,9.9237178797216,0.));
#2725=CARTESIAN_POINT('Ctrl Pts',(-4.62730198668972,9.69109666847528,6.));
#2726=CARTESIAN_POINT('Ctrl Pts',(-4.62730198668972,9.69109666847528,0.));
#2727=CARTESIAN_POINT('Ctrl Pts',(-4.59547154823065,9.49464300950663,6.));
#2728=CARTESIAN_POINT('Ctrl Pts',(-4.59547154823065,9.49464300950663,0.));
#2729=CARTESIAN_POINT('Ctrl Pts',(-4.56080440702106,9.35221973180915,6.));
#2730=CARTESIAN_POINT('Ctrl Pts',(-4.56080440702106,9.35221973180915,0.));
#2731=CARTESIAN_POINT('Ctrl Pts',(-4.54005221824812,9.2669633581566,6.));
#2732=CARTESIAN_POINT('Ctrl Pts',(-4.54005221824812,9.2669633581566,0.));
#2733=CARTESIAN_POINT('Ctrl Pts',(-4.51830947675391,9.20106611577203,6.));
#2734=CARTESIAN_POINT('Ctrl Pts',(-4.51830947675391,9.20106611577203,0.));
#2735=CARTESIAN_POINT('Ctrl Pts',(-4.50322303550308,9.16159366663552,6.));
#2736=CARTESIAN_POINT('Ctrl Pts',(-4.50322303550308,9.16159366663552,0.));
#2737=CARTESIAN_POINT('Ctrl Pts',(-4.49465523526496,9.13917671266417,6.));
#2738=CARTESIAN_POINT('Ctrl Pts',(-4.49465523526496,9.13917671266417,0.));
#2739=CARTESIAN_POINT('Ctrl Pts',(-4.48953406059331,9.12795246044769,6.));
#2740=CARTESIAN_POINT('Ctrl Pts',(-4.48953406059331,9.12795246044769,0.));
#2741=CARTESIAN_POINT('Ctrl Pts',(-4.48684182494335,9.12231504433041,6.));
#2742=CARTESIAN_POINT('Ctrl Pts',(-4.48684182494335,9.12231504433041,0.));
#2743=CARTESIAN_POINT('',(-4.46462827739593,11.5683661052319,6.));
#2744=CARTESIAN_POINT('Ctrl Pts',(-4.46462827739593,11.5683661052319,6.));
#2745=CARTESIAN_POINT('Ctrl Pts',(-4.61981180785069,10.9381187576738,6.));
#2746=CARTESIAN_POINT('Ctrl Pts',(-4.66475321044503,10.3660578336155,6.));
#2747=CARTESIAN_POINT('Ctrl Pts',(-4.64020932044841,9.9237178797216,6.));
#2748=CARTESIAN_POINT('Ctrl Pts',(-4.62730198668972,9.69109666847528,6.));
#2749=CARTESIAN_POINT('Ctrl Pts',(-4.59547154823065,9.49464300950663,6.));
#2750=CARTESIAN_POINT('Ctrl Pts',(-4.56080440702106,9.35221973180915,6.));
#2751=CARTESIAN_POINT('Ctrl Pts',(-4.54005221824812,9.2669633581566,6.));
#2752=CARTESIAN_POINT('Ctrl Pts',(-4.51830947675391,9.20106611577203,6.));
#2753=CARTESIAN_POINT('Ctrl Pts',(-4.50322303550308,9.16159366663552,6.));
#2754=CARTESIAN_POINT('Ctrl Pts',(-4.49465523526496,9.13917671266417,6.));
#2755=CARTESIAN_POINT('Ctrl Pts',(-4.48953406059331,9.12795246044769,6.));
#2756=CARTESIAN_POINT('Ctrl Pts',(-4.48684182494335,9.12231504433041,6.));
#2757=CARTESIAN_POINT('',(-4.46462827739593,11.5683661052319,0.));
#2758=CARTESIAN_POINT('',(-4.46462827739593,11.5683661052319,6.));
#2759=CARTESIAN_POINT('Ctrl Pts',(-4.48684182494335,9.12231504433041,0.));
#2760=CARTESIAN_POINT('Ctrl Pts',(-4.48953406059331,9.12795246044769,0.));
#2761=CARTESIAN_POINT('Ctrl Pts',(-4.49465523526496,9.13917671266417,0.));
#2762=CARTESIAN_POINT('Ctrl Pts',(-4.50322303550308,9.16159366663552,0.));
#2763=CARTESIAN_POINT('Ctrl Pts',(-4.51830947675391,9.20106611577203,0.));
#2764=CARTESIAN_POINT('Ctrl Pts',(-4.54005221824812,9.2669633581566,0.));
#2765=CARTESIAN_POINT('Ctrl Pts',(-4.56080440702106,9.35221973180915,0.));
#2766=CARTESIAN_POINT('Ctrl Pts',(-4.59547154823065,9.49464300950663,0.));
#2767=CARTESIAN_POINT('Ctrl Pts',(-4.62730198668972,9.69109666847528,0.));
#2768=CARTESIAN_POINT('Ctrl Pts',(-4.64020932044841,9.9237178797216,0.));
#2769=CARTESIAN_POINT('Ctrl Pts',(-4.66475321044503,10.3660578336155,0.));
#2770=CARTESIAN_POINT('Ctrl Pts',(-4.61981180785069,10.9381187576738,0.));
#2771=CARTESIAN_POINT('Ctrl Pts',(-4.46462827739593,11.5683661052319,0.));
#2772=CARTESIAN_POINT('Origin',(0.,0.,6.));
#2773=CARTESIAN_POINT('',(-3.18775483979505,11.9832474347049,6.));
#2774=CARTESIAN_POINT('Origin',(0.,0.,6.));
#2775=CARTESIAN_POINT('',(-3.18775483979505,11.9832474347049,0.));
#2776=CARTESIAN_POINT('',(-3.18775483979505,11.9832474347049,6.));
#2777=CARTESIAN_POINT('Origin',(0.,0.,0.));
#2778=CARTESIAN_POINT('Ctrl Pts',(-1.73203096237204,10.0174073529782,6.));
#2779=CARTESIAN_POINT('Ctrl Pts',(-1.73203096237204,10.0174073529782,0.));
#2780=CARTESIAN_POINT('Ctrl Pts',(-1.73312745123585,10.023339384795,6.));
#2781=CARTESIAN_POINT('Ctrl Pts',(-1.73312745123585,10.023339384795,0.));
#2782=CARTESIAN_POINT('Ctrl Pts',(-1.7354718267681,10.0349128321785,6.));
#2783=CARTESIAN_POINT('Ctrl Pts',(-1.7354718267681,10.0349128321785,0.));
#2784=CARTESIAN_POINT('Ctrl Pts',(-1.74140590412838,10.0571005438741,6.));
#2785=CARTESIAN_POINT('Ctrl Pts',(-1.74140590412838,10.0571005438741,0.));
#2786=CARTESIAN_POINT('Ctrl Pts',(-1.78232001162722,10.2100797462596,6.));
#2787=CARTESIAN_POINT('Ctrl Pts',(-1.78232001162722,10.2100797462596,0.));
#2788=CARTESIAN_POINT('Ctrl Pts',(-1.98532331188021,10.6853401078131,6.));
#2789=CARTESIAN_POINT('Ctrl Pts',(-1.98532331188021,10.6853401078131,0.));
#2790=CARTESIAN_POINT('Ctrl Pts',(-2.38611374042155,11.1761037747568,6.));
#2791=CARTESIAN_POINT('Ctrl Pts',(-2.38611374042155,11.1761037747568,0.));
#2792=CARTESIAN_POINT('Ctrl Pts',(-2.60055239370872,11.4386816516903,6.));
#2793=CARTESIAN_POINT('Ctrl Pts',(-2.60055239370872,11.4386816516903,0.));
#2794=CARTESIAN_POINT('Ctrl Pts',(-2.86883168492853,11.7140470850029,6.));
#2795=CARTESIAN_POINT('Ctrl Pts',(-2.86883168492853,11.7140470850029,0.));
#2796=CARTESIAN_POINT('Ctrl Pts',(-3.18775483979505,11.9832474347049,6.));
#2797=CARTESIAN_POINT('Ctrl Pts',(-3.18775483979505,11.9832474347049,0.));
#2798=CARTESIAN_POINT('',(-1.73203096237204,10.0174073529782,6.));
#2799=CARTESIAN_POINT('Ctrl Pts',(-1.73203096237204,10.0174073529782,6.));
#2800=CARTESIAN_POINT('Ctrl Pts',(-1.73312745123585,10.023339384795,6.));
#2801=CARTESIAN_POINT('Ctrl Pts',(-1.7354718267681,10.0349128321785,6.));
#2802=CARTESIAN_POINT('Ctrl Pts',(-1.74140590412838,10.0571005438741,6.));
#2803=CARTESIAN_POINT('Ctrl Pts',(-1.78232001162722,10.2100797462596,6.));
#2804=CARTESIAN_POINT('Ctrl Pts',(-1.98532331188021,10.6853401078131,6.));
#2805=CARTESIAN_POINT('Ctrl Pts',(-2.38611374042155,11.1761037747568,6.));
#2806=CARTESIAN_POINT('Ctrl Pts',(-2.60055239370872,11.4386816516903,6.));
#2807=CARTESIAN_POINT('Ctrl Pts',(-2.86883168492853,11.7140470850029,6.));
#2808=CARTESIAN_POINT('Ctrl Pts',(-3.18775483979505,11.9832474347049,6.));
#2809=CARTESIAN_POINT('',(-1.73203096237204,10.0174073529782,0.));
#2810=CARTESIAN_POINT('',(-1.73203096237204,10.0174073529782,6.));
#2811=CARTESIAN_POINT('Ctrl Pts',(-3.18775483979505,11.9832474347049,0.));
#2812=CARTESIAN_POINT('Ctrl Pts',(-2.86883168492853,11.7140470850029,0.));
#2813=CARTESIAN_POINT('Ctrl Pts',(-2.60055239370872,11.4386816516903,0.));
#2814=CARTESIAN_POINT('Ctrl Pts',(-2.38611374042155,11.1761037747568,0.));
#2815=CARTESIAN_POINT('Ctrl Pts',(-1.98532331188021,10.6853401078131,0.));
#2816=CARTESIAN_POINT('Ctrl Pts',(-1.78232001162722,10.2100797462596,0.));
#2817=CARTESIAN_POINT('Ctrl Pts',(-1.74140590412838,10.0571005438741,0.));
#2818=CARTESIAN_POINT('Ctrl Pts',(-1.7354718267681,10.0349128321785,0.));
#2819=CARTESIAN_POINT('Ctrl Pts',(-1.73312745123585,10.023339384795,0.));
#2820=CARTESIAN_POINT('Ctrl Pts',(-1.73203096237204,10.0174073529782,0.));
#2821=CARTESIAN_POINT('Origin',(-1.35589822753549,7.55428123626372,6.));
#2822=CARTESIAN_POINT('',(-1.35589822753549,7.55428123626372,6.));
#2823=CARTESIAN_POINT('',(-0.776803169500834,3.76204506696204,6.));
#2824=CARTESIAN_POINT('',(-1.35589822753549,7.55428123626372,0.));
#2825=CARTESIAN_POINT('',(-1.35589822753549,7.55428123626372,6.));
#2826=CARTESIAN_POINT('',(-0.776803169500834,3.76204506696204,0.));
#2827=CARTESIAN_POINT('Origin',(0.,0.,6.));
#2828=CARTESIAN_POINT('Origin',(0.,0.,6.));
#2829=CARTESIAN_POINT('Origin',(0.,0.,0.));
#2830=CARTESIAN_POINT('Origin',(0.,0.,6.));
#2831=CARTESIAN_POINT('',(2.9,3.55147571752732E-16,6.));
#2832=CARTESIAN_POINT('Origin',(0.,0.,6.));
#2833=CARTESIAN_POINT('',(2.9,3.55147571752732E-16,0.));
#2834=CARTESIAN_POINT('',(2.9,-3.55147571752732E-16,6.));
#2835=CARTESIAN_POINT('Origin',(0.,0.,0.));
#2836=CARTESIAN_POINT('Origin',(0.,0.,0.));
#2837=CARTESIAN_POINT('Origin',(0.,0.,6.));
#2838=CARTESIAN_POINT('',(0.,0.,0.));
#2839=UNCERTAINTY_MEASURE_WITH_UNIT(LENGTH_MEASURE(0.01),#2845,
'DISTANCE_ACCURACY_VALUE',
'Maximum model space distance between geometric entities at asserted c
onnectivities');
#2840=UNCERTAINTY_MEASURE_WITH_UNIT(LENGTH_MEASURE(0.01),#2845,
'DISTANCE_ACCURACY_VALUE',
'Maximum model space distance between geometric entities at asserted c
onnectivities');
#2841=UNCERTAINTY_MEASURE_WITH_UNIT(LENGTH_MEASURE(0.01),#2845,
'DISTANCE_ACCURACY_VALUE',
'Maximum model space distance between geometric entities at asserted c
onnectivities');
#2842=(
GEOMETRIC_REPRESENTATION_CONTEXT(3)
GLOBAL_UNCERTAINTY_ASSIGNED_CONTEXT((#2839))
GLOBAL_UNIT_ASSIGNED_CONTEXT((#2845,#2847,#2848))
REPRESENTATION_CONTEXT('','3D')
);
#2843=(
GEOMETRIC_REPRESENTATION_CONTEXT(3)
GLOBAL_UNCERTAINTY_ASSIGNED_CONTEXT((#2840))
GLOBAL_UNIT_ASSIGNED_CONTEXT((#2845,#2847,#2848))
REPRESENTATION_CONTEXT('','3D')
);
#2844=(
GEOMETRIC_REPRESENTATION_CONTEXT(3)
GLOBAL_UNCERTAINTY_ASSIGNED_CONTEXT((#2841))
GLOBAL_UNIT_ASSIGNED_CONTEXT((#2845,#2847,#2848))
REPRESENTATION_CONTEXT('','3D')
);
#2845=(
LENGTH_UNIT()
NAMED_UNIT(*)
SI_UNIT(.MILLI.,.METRE.)
);
#2846=(
LENGTH_UNIT()
NAMED_UNIT(*)
SI_UNIT($,.METRE.)
);
#2847=(
NAMED_UNIT(*)
PLANE_ANGLE_UNIT()
SI_UNIT($,.RADIAN.)
);
#2848=(
NAMED_UNIT(*)
SI_UNIT($,.STERADIAN.)
SOLID_ANGLE_UNIT()
);
#2849=SHAPE_DEFINITION_REPRESENTATION(#2851,#2854);
#2850=SHAPE_DEFINITION_REPRESENTATION(#2852,#2855);
#2851=PRODUCT_DEFINITION_SHAPE('',$,#2857);
#2852=PRODUCT_DEFINITION_SHAPE('',$,#2858);
#2853=PRODUCT_DEFINITION_SHAPE($,$,#14);
#2854=SHAPE_REPRESENTATION('',(#1243,#1330),#2842);
#2855=SHAPE_REPRESENTATION('',(#1244),#2843);
#2856=PRODUCT_DEFINITION_CONTEXT('part definition',#2864,'design');
#2857=PRODUCT_DEFINITION('2026-07-25-20-51-35-213','dispenser-10T-gear',
#2859,#2856);
#2858=PRODUCT_DEFINITION('2026-07-25-20-51-41-379','Component1',#2860,#2856);
#2859=PRODUCT_DEFINITION_FORMATION('',$,#2866);
#2860=PRODUCT_DEFINITION_FORMATION('',$,#2867);
#2861=PRODUCT_RELATED_PRODUCT_CATEGORY('dispenser-10T-gear',
'dispenser-10T-gear',(#2866));
#2862=PRODUCT_RELATED_PRODUCT_CATEGORY('Component1','Component1',(#2867));
#2863=APPLICATION_PROTOCOL_DEFINITION('international standard',
'automotive_design',2009,#2864);
#2864=APPLICATION_CONTEXT(
'Core Data for Automotive Mechanical Design Process');
#2865=PRODUCT_CONTEXT('part definition',#2864,'mechanical');
#2866=PRODUCT('2026-07-25-20-51-35-213','dispenser-10T-gear',$,(#2865));
#2867=PRODUCT('2026-07-25-20-51-41-379','Component1',$,(#2865));
#2868=PRESENTATION_STYLE_ASSIGNMENT((#2869));
#2869=SURFACE_STYLE_USAGE(.BOTH.,#2870);
#2870=SURFACE_SIDE_STYLE('',(#2871));
#2871=SURFACE_STYLE_FILL_AREA(#2872);
#2872=FILL_AREA_STYLE('Steel - Satin',(#2873));
#2873=FILL_AREA_STYLE_COLOUR('Steel - Satin',#2874);
#2874=COLOUR_RGB('Steel - Satin',0.627450980392157,0.627450980392157,0.627450980392157);
ENDSEC;
END-ISO-10303-21;
